lat,lon,catchment_km2,pct_in_domain
25.2436,74.4,271.1,100.0
25.7449,74.9588,737.6,100.0
25.1172,74.3,112.3,100.0
25.1172,74.28,112.3,100.0
25.1172,74.26,112.3,100.0
25.0991,74.36,112.3,100.0
25.0991,74.34,112.3,100.0
25.0991,74.32,112.3,100.0
25.0991,74.3,112.3,100.0
25.7449,74.9931,737.6,100.0
25.7449,74.9787,737.6,100.0
25.7449,74.9389,105.7,100.0
25.1172,74.34,112.3,100.0
25.7449,74.9191,105.7,100.0
25.7449,74.8992,105.7,100.0
25.7449,74.8793,105.7,100.0
25.7449,74.8594,105.7,100.0
25.7449,74.8395,105.7,100.0
25.7449,74.8196,105.7,100.0
25.494,74.53,109.7,100.0
25.494,74.55,109.7,100.0
25.494,74.57,109.7,100.0
25.1172,74.32,112.3,100.0
25.1352,74.26,112.3,100.0
25.1894,74.28,112.3,100.0
25.1713,74.28,112.3,100.0
25.1713,74.46,271.1,100.0
25.1713,74.44,271.1,100.0
25.1713,74.42,271.1,100.0
25.1713,74.4,271.1,100.0
25.1713,74.38,271.1,100.0
25.1713,74.36,162.6,100.0
25.1713,74.34,162.6,100.0
25.1713,74.32,162.6,100.0
25.1713,74.3,162.6,100.0
25.1713,74.26,112.3,100.0
25.1352,74.28,112.3,100.0
25.1533,74.36,162.6,100.0
25.1533,74.34,112.3,100.0
25.1533,74.32,112.3,100.0
25.1533,74.3,112.3,100.0
25.1533,74.28,112.3,100.0
25.1533,74.26,112.3,100.0
25.1352,74.34,112.3,100.0
25.1352,74.32,112.3,100.0
25.1352,74.3,112.3,100.0
25.7449,74.7997,105.7,100.0
25.7449,74.7798,105.7,100.0
25.7268,74.9931,737.6,100.0
25.6906,74.9389,531.5,100.0
25.494,74.743,231.4,100.0
25.7087,74.8395,531.5,100.0
25.7087,74.8196,531.5,100.0
25.7087,74.7997,531.5,100.0
25.7087,74.7798,531.5,100.0
25.7087,74.7599,204.2,100.0
25.6906,74.9931,660.2,100.0
25.6906,74.9787,660.2,100.0
25.6906,74.9588,515.9,100.0
25.6906,74.9191,531.5,100.0
25.7268,74.9787,737.6,100.0
25.6906,74.8992,531.5,100.0
25.6906,74.8793,531.5,100.0
25.4936,74.495,109.7,100.0
25.4936,74.479,109.7,100.0
25.4936,74.459,109.7,100.0
25.4758,74.495,109.7,100.0
25.4758,74.479,109.7,100.0
25.4578,74.495,109.7,100.0
25.6906,74.8594,531.5,100.0
25.494,74.729,231.4,100.0
25.494,74.709,231.4,100.0
25.494,74.689,231.4,100.0
25.494,74.669,231.4,100.0
25.7268,74.9588,531.5,100.0
25.7268,74.9389,531.5,100.0
25.7268,74.9191,105.7,100.0
25.7268,74.8992,105.7,100.0
25.7268,74.8793,105.7,100.0
25.7268,74.8594,105.7,100.0
25.7268,74.8395,105.7,100.0
25.7268,74.8196,105.7,100.0
25.7268,74.7997,531.5,100.0
25.7268,74.7798,531.5,100.0
25.7268,74.7599,531.5,100.0
25.7087,74.9931,660.2,100.0
25.7087,74.9787,660.2,100.0
25.7087,74.9588,531.5,100.0
25.7087,74.9389,531.5,100.0
25.7087,74.9191,531.5,100.0
25.7087,74.8992,105.7,100.0
25.7087,74.8793,105.7,100.0
25.7087,74.8594,531.5,100.0
25.1894,74.26,112.3,100.0
25.1894,74.3,162.6,100.0
25.6906,74.8196,531.5,100.0
25.476,74.55,109.7,100.0
25.458,74.743,231.4,100.0
25.476,74.51,109.7,100.0
25.476,74.53,109.7,100.0
25.69,75.11,660.2,100.0
25.71,75.01,660.2,100.0
25.71,75.03,660.2,100.0
25.71,75.05,660.2,100.0
25.71,75.07,660.2,100.0
25.71,75.09,660.2,100.0
25.476,74.57,109.7,100.0
25.458,74.709,231.4,100.0
25.71,75.11,660.2,100.0
25.71,75.13,660.2,100.0
25.72,75.01,737.6,100.0
25.72,75.03,660.2,100.0
25.476,74.669,231.4,100.0
25.72,75.05,660.2,100.0
25.72,75.07,660.2,100.0
25.72,75.09,660.2,100.0
25.72,75.11,660.2,100.0
25.458,74.729,231.4,100.0
25.458,74.689,231.4,100.0
25.1894,74.32,162.6,100.0
25.65,75.05,660.2,100.0
25.458,74.59,109.7,100.0
25.6,75.01,515.9,100.0
25.62,75.01,660.2,100.0
25.62,75.03,660.2,100.0
25.64,75.01,660.2,100.0
25.64,75.03,660.2,100.0
25.64,75.05,660.2,100.0
25.65,75.01,660.2,100.0
25.65,75.03,660.2,100.0
25.67,75.01,660.2,100.0
25.458,74.669,231.4,100.0
25.67,75.03,660.2,100.0
25.67,75.05,660.2,100.0
25.67,75.07,660.2,100.0
25.67,75.09,660.2,100.0
25.69,75.01,660.2,100.0
25.69,75.03,660.2,100.0
25.69,75.05,660.2,100.0
25.69,75.07,660.2,100.0
25.69,75.09,660.2,100.0
25.72,75.13,660.2,100.0
25.74,75.01,737.6,100.0
25.74,75.03,737.6,100.0
25.2074,74.34,162.6,100.0
25.2255,74.32,162.6,100.0
25.2255,74.3,162.6,100.0
25.2255,74.28,162.6,100.0
25.2255,74.26,162.6,100.0
25.2074,74.44,271.1,100.0
25.2074,74.42,271.1,100.0
25.2074,74.4,271.1,100.0
25.2074,74.38,271.1,100.0
25.2074,74.36,162.6,100.0
25.2074,74.32,162.6,100.0
25.476,74.689,231.4,100.0
25.2074,74.3,162.6,100.0
25.2074,74.28,162.6,100.0
25.2074,74.26,112.3,100.0
25.1894,74.44,271.1,100.0
25.1894,74.42,271.1,100.0
25.1894,74.4,271.1,100.0
25.1894,74.38,271.1,100.0
25.1894,74.36,162.6,100.0
25.1894,74.34,162.6,100.0
25.2255,74.34,162.6,100.0
25.2255,74.36,162.6,100.0
25.2255,74.38,271.1,100.0
25.2255,74.4,271.1,100.0
25.476,74.709,231.4,100.0
25.476,74.729,231.4,100.0
25.476,74.743,231.4,100.0
25.494,74.51,109.7,100.0
25.74,75.05,737.6,100.0
25.74,75.07,737.6,100.0
25.74,75.09,737.6,100.0
25.74,75.11,737.6,100.0
25.2436,74.42,271.1,100.0
25.545,74.4944,116.6,100.0
25.2436,74.38,271.1,100.0
25.2436,74.36,271.1,100.0
25.2436,74.34,162.6,100.0
25.2436,74.32,162.6,100.0
25.2436,74.3,162.6,100.0
25.2436,74.28,162.6,100.0
25.2436,74.26,162.6,100.0
25.2255,74.44,271.1,100.0
25.2255,74.42,271.1,100.0
25.6906,74.8395,531.5,100.0
25.6906,74.7997,531.5,100.0
25.4217,74.76,231.4,100.0
25.5269,74.8395,231.4,100.0
25.545,74.8594,136.8,100.0
25.545,74.8395,136.8,100.0
25.545,74.8196,136.8,100.0
25.545,74.7997,136.8,100.0
25.545,74.7798,136.8,100.0
25.545,74.7599,136.8,100.0
25.5269,74.8992,231.4,100.0
25.5269,74.8793,231.4,100.0
25.5269,74.8594,231.4,100.0
25.5269,74.8196,231.4,100.0
25.545,74.8992,231.4,100.0
25.5269,74.7997,231.4,100.0
25.759,74.7997,105.7,100.0
25.759,74.8196,105.7,100.0
25.759,74.8395,105.7,100.0
25.5269,74.7798,231.4,100.0
25.5269,74.7599,231.4,100.0
25.5089,74.8594,231.4,100.0
25.759,74.8594,105.7,100.0
25.759,74.8793,105.7,100.0
25.545,74.8793,231.4,100.0
25.545,74.9191,515.9,100.0
25.5811,74.9588,515.9,100.0
25.563,74.9588,515.9,100.0
25.5811,74.9191,515.9,100.0
25.5811,74.8992,515.9,100.0
25.5811,74.8793,136.8,100.0
25.5811,74.8594,136.8,100.0
25.5811,74.8395,136.8,100.0
25.5811,74.8196,136.8,100.0
25.5811,74.7997,136.8,100.0
25.5811,74.7798,136.8,100.0
25.5811,74.7599,531.5,100.0
25.563,74.9389,515.9,100.0
25.545,74.9389,515.9,100.0
25.563,74.9191,515.9,100.0
25.563,74.8992,136.8,100.0
25.563,74.8793,136.8,100.0
25.563,74.8594,136.8,100.0
25.563,74.8395,136.8,100.0
25.563,74.8196,136.8,100.0
25.563,74.7997,136.8,100.0
25.563,74.7798,136.8,100.0
25.563,74.7599,136.8,100.0
25.759,74.8992,105.7,100.0
25.759,74.9191,105.7,100.0
25.759,74.9389,105.7,100.0
25.563,74.4944,116.6,100.0
25.9757,74.9787,185.9,100.0
25.9757,74.9588,185.9,100.0
25.9757,74.9389,185.9,100.0
25.9757,74.9191,185.9,100.0
25.9576,74.9931,185.9,100.0
25.9576,74.9787,185.9,100.0
25.9576,74.9588,185.9,100.0
25.9576,74.9389,185.9,100.0
25.9396,74.9931,199.0,100.0
25.9396,74.9787,199.0,100.0
25.759,74.9588,737.6,100.0
25.9215,74.9931,199.0,100.0
25.7951,74.9787,737.6,100.0
25.9035,74.9931,199.0,100.0
25.5089,74.4559,116.6,100.0
25.5089,74.4755,109.7,100.0
25.5089,74.4944,109.7,100.0
25.5269,74.4559,116.6,100.0
25.5269,74.4755,116.6,100.0
25.5269,74.4944,116.6,100.0
25.9757,74.9931,185.9,100.0
25.7771,74.9931,737.6,100.0
25.7771,74.9787,737.6,100.0
25.9937,74.8992,185.9,100.0
25.5992,74.4944,116.6,100.0
25.759,74.9787,737.6,100.0
25.759,74.9931,737.6,100.0
25.5089,74.8395,231.4,100.0
25.5089,74.8196,231.4,100.0
25.5089,74.7997,231.4,100.0
25.5089,74.7798,231.4,100.0
25.5089,74.7599,231.4,100.0
25.9937,74.9931,185.9,100.0
25.9937,74.9787,185.9,100.0
25.9937,74.9588,185.9,100.0
25.9937,74.9389,185.9,100.0
25.7771,74.8793,105.7,100.0
25.7771,74.8992,105.7,100.0
25.7771,74.9191,105.7,100.0
25.7771,74.9389,105.7,100.0
25.5811,74.4944,116.6,100.0
25.7771,74.9588,737.6,100.0
25.9937,74.9191,185.9,100.0
25.5811,74.9389,515.9,100.0
25.5811,74.9787,515.9,100.0
25.6906,74.7798,204.2,100.0
25.6543,74.7997,531.5,100.0
25.1894,74.2428,112.3,100.0
25.6543,74.8395,531.5,100.0
25.6543,74.8196,531.5,100.0
25.2764,74.379,271.1,100.0
25.2764,74.359,271.1,100.0
25.2764,74.339,271.1,100.0
25.2764,74.3,162.6,100.0
25.2764,74.28,162.6,100.0
25.2764,74.26,162.6,100.0
25.6543,74.7798,145.1,100.0
25.6543,74.8594,531.5,100.0
25.6543,74.7599,204.2,100.0
25.6362,74.9931,515.9,100.0
25.2592,74.419,271.1,100.0
25.2592,74.399,271.1,100.0
25.2592,74.379,271.1,100.0
25.2592,74.359,271.1,100.0
25.2592,74.339,162.6,100.0
25.2592,74.32,162.6,100.0
25.2592,74.3,162.6,100.0
25.1894,74.2275,112.3,100.0
25.6543,74.8793,531.5,100.0
25.5992,74.7599,145.1,100.0
25.6722,74.8395,531.5,100.0
25.6906,74.7599,204.2,100.0
25.6722,74.9931,660.2,100.0
25.6722,74.9787,515.9,100.0
25.6722,74.9588,515.9,100.0
25.6722,74.9389,515.9,100.0
25.6722,74.9191,531.5,100.0
25.6722,74.8992,531.5,100.0
25.6722,74.8793,531.5,100.0
25.6722,74.8594,531.5,100.0
25.6722,74.8196,531.5,100.0
25.6543,74.8992,531.5,100.0
25.1714,74.2428,112.3,100.0
25.6722,74.7997,531.5,100.0
25.6722,74.7798,204.2,100.0
25.6722,74.7599,204.2,100.0
25.6543,74.9931,660.2,100.0
25.6543,74.9787,515.9,100.0
25.6543,74.9588,515.9,100.0
25.6543,74.9389,515.9,100.0
25.6543,74.9191,515.9,100.0
25.2592,74.28,162.6,100.0
25.2592,74.26,162.6,100.0
25.6362,74.9787,515.9,100.0
25.5992,74.9787,515.9,100.0
25.6172,74.8395,136.8,100.0
25.6172,74.8196,136.8,100.0
25.6172,74.7997,531.5,100.0
25.6172,74.7798,531.5,100.0
25.6172,74.7599,145.1,100.0
25.2436,74.2078,162.6,100.0
25.2436,74.2275,162.6,100.0
25.2436,74.2428,162.6,100.0
25.5992,74.9931,515.9,100.0
25.5992,74.9588,515.9,100.0
25.6362,74.9588,515.9,100.0
25.5992,74.9389,515.9,100.0
25.5992,74.9191,515.9,100.0
25.5992,74.8992,515.9,100.0
25.5992,74.8793,136.8,100.0
25.5992,74.8594,136.8,100.0
25.5992,74.8395,136.8,100.0
25.5992,74.8196,136.8,100.0
25.5992,74.7997,136.8,100.0
25.5992,74.7798,531.5,100.0
25.6172,74.8594,515.9,100.0
25.6172,74.8793,515.9,100.0
25.6172,74.8992,515.9,100.0
25.6172,74.9389,515.9,100.0
25.6362,74.9389,515.9,100.0
25.6362,74.9191,515.9,100.0
25.2075,74.2078,162.6,100.0
25.2075,74.2275,112.3,100.0
25.2075,74.2428,112.3,100.0
25.6362,74.8992,515.9,100.0
25.6362,74.8793,531.5,100.0
25.6362,74.8594,531.5,100.0
25.6362,74.8395,531.5,100.0
25.6362,74.8196,531.5,100.0
25.6362,74.7997,531.5,100.0
25.6362,74.7798,145.1,100.0
25.6362,74.7599,145.1,100.0
25.6172,74.9931,515.9,100.0
25.6172,74.9787,515.9,100.0
25.2255,74.2078,162.6,100.0
25.2255,74.2275,162.6,100.0
25.2255,74.2428,162.6,100.0
25.6172,74.9588,515.9,100.0
25.458,74.57,109.7,100.0
25.545,74.4755,116.6,100.0
25.4397,74.7601,231.4,100.0
25.5633,74.5895,204.2,100.0
25.5633,74.7446,136.8,100.0
25.5633,74.729,136.8,100.0
25.5634,74.7089,136.8,100.0
25.5634,74.6892,145.1,100.0
25.5634,74.6693,145.1,100.0
25.5633,74.6493,145.1,100.0
25.5634,74.6293,145.1,100.0
25.5634,74.6095,204.2,100.0
25.5634,74.5697,204.2,100.0
25.5815,74.5297,116.6,100.0
25.5634,74.5498,116.6,100.0
25.5633,74.5297,116.6,100.0
25.5634,74.5099,116.6,100.0
25.5452,74.7446,136.8,100.0
25.5452,74.7289,136.8,100.0
25.5452,74.7089,136.8,100.0
25.5453,74.6892,136.8,100.0
25.5452,74.6692,145.1,100.0
25.5814,74.5099,116.6,100.0
25.5814,74.5498,116.6,100.0
25.85,75.19,199.0,100.0
25.5997,74.5099,116.6,100.0
25.5996,74.6693,145.1,100.0
25.5997,74.6494,204.2,100.0
25.5996,74.6295,204.2,100.0
25.5996,74.6096,204.2,100.0
25.5996,74.5895,204.2,100.0
25.5997,74.5695,116.6,100.0
25.5998,74.5498,116.6,100.0
25.5997,74.5297,116.6,100.0
25.5815,74.7446,531.5,100.0
25.5814,74.5697,204.2,100.0
25.5816,74.7289,145.1,100.0
25.5815,74.7089,145.1,100.0
25.5815,74.6893,145.1,100.0
25.5815,74.6693,145.1,100.0
25.5815,74.6494,145.1,100.0
25.5816,74.6294,204.2,100.0
25.5816,74.6095,204.2,100.0
25.5816,74.5895,204.2,100.0
25.5453,74.6494,145.1,100.0
25.5453,74.6293,145.1,100.0
25.5454,74.6094,145.1,100.0
25.83,75.15,199.0,100.0
25.5092,74.6293,145.1,100.0
25.83,75.07,199.0,100.0
25.83,75.09,199.0,100.0
25.5093,74.5499,109.7,100.0
25.5093,74.5298,109.7,100.0
25.5092,74.5099,109.7,100.0
25.83,75.11,199.0,100.0
25.83,75.13,199.0,100.0
25.83,75.17,199.0,100.0
25.5454,74.5896,204.2,100.0
25.83,75.19,199.0,100.0
25.85,75.03,199.0,100.0
25.85,75.05,199.0,100.0
25.85,75.07,199.0,100.0
25.85,75.09,199.0,100.0
25.85,75.11,199.0,100.0
25.85,75.13,199.0,100.0
25.85,75.15,199.0,100.0
25.5092,74.6493,231.4,100.0
25.5092,74.6693,231.4,100.0
25.5091,74.6892,231.4,100.0
25.5091,74.7089,231.4,100.0
25.4578,74.7601,231.4,100.0
25.5453,74.5497,116.6,100.0
25.5453,74.5298,116.6,100.0
25.5453,74.5099,116.6,100.0
25.527,74.7446,136.8,100.0
25.527,74.7288,231.4,100.0
25.5271,74.709,231.4,100.0
25.5271,74.6892,231.4,100.0
25.5271,74.6692,145.1,100.0
25.5271,74.6494,145.1,100.0
25.5272,74.6293,145.1,100.0
25.5272,74.6095,145.1,100.0
25.5271,74.5497,109.7,100.0
25.5272,74.5297,116.6,100.0
25.5271,74.5098,116.6,100.0
25.509,74.7446,231.4,100.0
25.5091,74.7289,231.4,100.0
25.5995,74.6892,145.1,100.0
25.5996,74.7091,145.1,100.0
25.5996,74.729,145.1,100.0
25.7081,74.6695,204.2,100.0
25.76,75.01,737.6,100.0
25.76,75.03,737.6,100.0
25.76,75.05,737.6,100.0
25.76,75.07,737.6,100.0
25.7079,74.7446,204.2,100.0
25.7081,74.7292,204.2,100.0
25.7081,74.7093,204.2,100.0
25.7081,74.6895,204.2,100.0
25.7081,74.6495,204.2,100.0
25.672,74.7446,204.2,100.0
25.76,75.09,737.6,100.0
25.78,75.01,737.6,100.0
25.69,74.7446,204.2,100.0
25.6901,74.7291,204.2,100.0
25.6902,74.7093,204.2,100.0
25.6902,74.6894,204.2,100.0
25.6902,74.6695,204.2,100.0
25.6902,74.6495,204.2,100.0
26.0091,75.01,185.9,100.0
26.0091,75.03,185.9,100.0
26.0091,75.05,185.9,100.0
26.0091,75.07,185.9,100.0
26.0091,74.92,185.9,100.0
26.0091,74.94,185.9,100.0
26.0091,74.96,185.9,100.0
26.0091,74.98,185.9,100.0
26.0091,74.9945,185.9,100.0
26.0453,75.15,185.9,100.0
26.0272,75.15,185.9,100.0
26.0272,75.13,185.9,100.0
26.0272,75.11,185.9,100.0
26.0272,75.09,185.9,100.0
26.0272,75.07,185.9,100.0
26.0272,75.05,185.9,100.0
26.0272,75.03,185.9,100.0
26.0272,75.01,185.9,100.0
26.0091,75.13,185.9,100.0
26.0091,75.11,185.9,100.0
26.0091,75.09,185.9,100.0
25.6903,74.6296,204.2,100.0
25.6721,74.729,204.2,100.0
25.5995,74.7446,145.1,100.0
25.6177,74.709,145.1,100.0
25.6358,74.6494,204.2,100.0
25.6358,74.6294,204.2,100.0
25.6359,74.6095,204.2,100.0
25.6359,74.5895,204.2,100.0
25.6358,74.5696,116.6,100.0
25.6359,74.5498,116.6,100.0
25.6176,74.7445,145.1,100.0
25.6176,74.7289,145.1,100.0
25.6175,74.6893,145.1,100.0
25.6721,74.7092,204.2,100.0
25.6176,74.6693,145.1,100.0
25.6176,74.6493,204.2,100.0
25.6176,74.6294,204.2,100.0
25.6177,74.6096,204.2,100.0
25.6177,74.5895,204.2,100.0
25.6177,74.5697,116.6,100.0
25.6177,74.5498,116.6,100.0
25.6176,74.5297,116.6,100.0
25.6358,74.6694,204.2,100.0
25.6358,74.6893,145.1,100.0
25.6356,74.709,145.1,100.0
25.6355,74.729,145.1,100.0
25.6721,74.6892,204.2,100.0
25.6721,74.6694,204.2,100.0
25.6721,74.6494,204.2,100.0
25.6721,74.6296,204.2,100.0
25.81,75.09,199.0,100.0
25.81,75.11,199.0,100.0
25.6538,74.7446,204.2,100.0
25.654,74.729,204.2,100.0
25.6538,74.7092,204.2,100.0
25.6539,74.6893,204.2,100.0
25.6539,74.6694,204.2,100.0
25.654,74.6495,204.2,100.0
25.654,74.6295,204.2,100.0
25.654,74.6096,204.2,100.0
25.81,75.13,199.0,100.0
25.81,75.15,199.0,100.0
25.6354,74.7446,145.1,100.0
25.85,75.17,199.0,100.0
25.5452,74.5696,116.6,100.0
25.422,74.743,231.4,100.0
25.4761,74.8203,231.4,100.0
25.44,74.689,231.4,100.0
25.44,74.709,231.4,100.0
25.4941,74.8403,231.4,100.0
25.4941,74.8203,231.4,100.0
25.4941,74.8001,231.4,100.0
25.494,74.7801,231.4,100.0
25.494,74.7601,231.4,100.0
25.44,74.729,231.4,100.0
25.9,75.13,120.2,100.0
25.4761,74.8404,231.4,100.0
25.9,75.15,120.2,100.0
25.9,75.01,199.0,100.0
25.44,74.743,231.4,100.0
25.458,74.51,109.7,100.0
25.458,74.53,109.7,100.0
25.87,75.19,120.2,100.0
25.87,75.17,120.2,100.0
25.4761,74.7999,231.4,100.0
25.476,74.7802,231.4,100.0
25.87,75.15,199.0,100.0
25.4761,74.7601,231.4,100.0
25.4578,74.8203,231.4,100.0
25.44,74.669,231.4,100.0
25.4941,74.8605,231.4,100.0
25.9,75.11,120.2,100.0
25.89,75.01,199.0,100.0
25.98,75.13,185.9,100.0
25.89,75.19,120.2,100.0
25.44,74.59,109.7,100.0
25.94,75.15,120.2,100.0
25.89,75.17,120.2,100.0
25.89,75.15,120.2,100.0
25.89,75.13,120.2,100.0
25.89,75.11,199.0,100.0
25.9,75.05,199.0,100.0
25.94,75.17,120.2,100.0
25.44,74.57,109.7,100.0
25.44,74.55,109.7,100.0
25.9,75.07,199.0,100.0
25.9,75.09,120.2,100.0
25.2592,74.2269,162.6,100.0
25.2592,74.246,162.6,100.0
25.2766,74.246,162.6,100.0
25.89,75.09,199.0,100.0
25.89,75.07,199.0,100.0
25.89,75.05,199.0,100.0
25.89,75.03,199.0,100.0
25.4578,74.8,231.4,100.0
25.4579,74.7802,231.4,100.0
25.9,75.17,120.2,100.0
25.92,75.05,199.0,100.0
25.94,75.13,120.2,100.0
25.94,75.11,120.2,100.0
25.92,75.07,199.0,100.0
25.92,75.09,120.2,100.0
25.98,75.03,185.9,100.0
25.98,75.05,185.9,100.0
25.92,75.11,120.2,100.0
26.0,75.03,185.9,100.0
26.0,75.01,185.9,100.0
25.98,75.07,185.9,100.0
25.98,75.09,185.9,100.0
25.98,75.11,185.9,100.0
25.94,75.09,120.2,100.0
25.94,75.07,120.2,100.0
25.87,75.03,199.0,100.0
25.92,75.13,120.2,100.0
25.92,75.15,120.2,100.0
25.92,75.17,120.2,100.0
25.94,75.05,199.0,100.0
25.94,75.03,199.0,100.0
25.94,75.01,199.0,100.0
25.98,75.01,185.9,100.0
25.44,74.53,109.7,100.0
25.9,75.03,199.0,100.0
25.9,75.19,120.2,100.0
25.92,75.01,199.0,100.0
25.87,75.11,199.0,100.0
25.87,75.09,199.0,100.0
25.87,75.07,199.0,100.0
25.87,75.05,199.0,100.0
26.0,75.13,185.9,100.0
25.96,75.01,185.9,100.0
26.0,75.05,185.9,100.0
25.96,75.03,185.9,100.0
25.96,75.05,185.9,100.0
26.0,75.11,185.9,100.0
26.0,75.09,185.9,100.0
25.92,75.03,199.0,100.0
25.96,75.07,120.2,100.0
25.96,75.09,120.2,100.0
25.96,75.11,120.2,100.0
25.96,75.13,120.2,100.0
25.96,75.15,120.2,100.0
26.0,75.07,185.9,100.0
25.87,75.13,199.0,100.0
25.74,75.13,1415.5,98.7
25.74,75.15,1415.5,98.7
25.74,75.17,1415.5,98.7
25.72,75.15,1415.5,98.7
25.89,75.21,346.2,92.2
25.89,75.24,346.2,92.2
25.87,75.24,346.2,92.2
25.85,75.21,346.2,92.2
25.87,75.26,346.2,92.2
25.89,75.23,346.2,92.2
25.87,75.21,346.2,92.2
25.87,75.23,346.2,92.2
25.9,75.3,460.5,69.3
25.89,75.32,460.5,69.3
25.89,75.3,460.5,69.3
25.87,75.3,460.5,69.3
25.87,75.28,460.5,69.3
25.1894,74.6281,3271.0,39.8
25.2075,74.6281,3271.0,39.8
25.295,74.629,3271.0,39.8
25.1894,74.5689,3271.0,39.8
25.2075,74.6478,3271.0,39.8
25.2256,74.5689,3271.0,39.8
25.2075,74.6083,3271.0,39.8
25.1714,74.6281,3271.0,39.8
25.2075,74.5886,3271.0,39.8
25.2075,74.5689,3271.0,39.8
25.1894,74.5886,3271.0,39.8
25.2256,74.6083,3271.0,39.8
25.295,74.609,3271.0,39.8
25.2256,74.6281,3271.0,39.8
25.2256,74.6478,3271.0,39.8
25.1894,74.6478,3271.0,39.8
25.1894,74.6083,3271.0,39.8
25.2256,74.5886,3271.0,39.8
25.295,74.57,3271.0,39.8
25.1714,74.6083,3271.0,39.8
25.295,74.59,3271.0,39.8
25.259,74.57,3271.0,39.8
25.259,74.59,3271.0,39.8
25.259,74.609,3271.0,39.8
25.259,74.629,3271.0,39.8
25.1714,74.5886,3271.0,39.8
25.313,74.55,3271.0,39.8
25.313,74.57,3271.0,39.8
25.313,74.59,3271.0,39.8
25.313,74.609,3271.0,39.8
25.313,74.629,3271.0,39.8
25.277,74.55,3271.0,39.8
25.277,74.57,3271.0,39.8
25.277,74.59,3271.0,39.8
25.277,74.609,3271.0,39.8
25.277,74.629,3271.0,39.8
25.331,74.55,3271.0,39.8
25.331,74.57,3271.0,39.8
25.331,74.59,3271.0,39.8
25.331,74.609,3271.0,39.8
25.277,74.649,3271.0,39.8
25.295,74.55,3271.0,39.8
25.259,74.55,3271.0,39.8
25.259,74.649,3271.0,39.8
25.2436,74.5886,3271.0,39.8
25.2436,74.6083,3271.0,39.8
25.2436,74.6281,3271.0,39.8
25.2436,74.6478,3271.0,39.8
25.1533,74.5886,3271.0,39.8
25.2436,74.5689,3271.0,39.8
25.1714,74.5689,3271.0,39.8
25.313,74.649,3349.1,38.9
25.2256,74.7069,3349.1,38.9
25.2256,74.7269,3349.1,38.9
25.295,74.669,3349.1,38.9
25.277,74.669,3349.1,38.9
25.277,74.689,3349.1,38.9
25.277,74.709,3349.1,38.9
25.2075,74.6675,3349.1,38.9
25.2075,74.6872,3349.1,38.9
25.2075,74.7069,3349.1,38.9
25.313,74.669,3349.1,38.9
25.2075,74.7269,3349.1,38.9
25.2256,74.6872,3349.1,38.9
25.259,74.689,3349.1,38.9
25.2436,74.7069,3349.1,38.9
25.2256,74.6675,3349.1,38.9
25.2436,74.6872,3349.1,38.9
25.295,74.689,3349.1,38.9
25.259,74.669,3349.1,38.9
25.2436,74.6675,3349.1,38.9
25.259,74.709,3349.1,38.9
25.295,74.649,3349.1,38.9
25.2256,74.7467,3490.7,37.3
25.2258,74.8394,3490.7,37.3
25.259,74.743,3490.7,37.3
25.2258,74.7996,3490.7,37.3
25.2438,74.76,3490.7,37.3
25.259,74.729,3490.7,37.3
25.277,74.729,3490.7,37.3
25.277,74.743,3490.7,37.3
25.2258,74.8195,3490.7,37.3
25.2258,74.7799,3490.7,37.3
25.2436,74.7269,3490.7,37.3
25.2436,74.7467,3490.7,37.3
25.2258,74.76,3490.7,37.3
25.259,74.7603,3490.7,37.3
25.2075,74.7467,3490.7,37.3
25.313,74.729,3490.7,37.3
25.295,74.709,3490.7,37.3
25.2772,74.8202,3490.7,37.3
25.2952,74.7602,3490.7,37.3
25.2952,74.7804,3490.7,37.3
25.2952,74.8002,3490.7,37.3
25.313,74.743,3490.7,37.3
25.313,74.709,3490.7,37.3
25.331,74.729,3490.7,37.3
25.2772,74.8002,3490.7,37.3
25.2772,74.7804,3490.7,37.3
25.2771,74.7603,3490.7,37.3
25.295,74.743,3490.7,37.3
25.295,74.729,3490.7,37.3
25.3133,74.7602,3490.7,37.3
25.2591,74.7804,3490.7,37.3
25.2772,74.8403,3490.7,37.3
25.2591,74.8001,3490.7,37.3
25.2438,74.8394,3490.7,37.3
25.2438,74.8196,3490.7,37.3
25.2438,74.7996,3490.7,37.3
25.2438,74.7799,3490.7,37.3
25.2591,74.8202,3490.7,37.3
25.259,74.8402,3490.7,37.3
25.87,75.32,6353.6,36.8
25.83,75.28,6353.6,36.8
25.83,75.34,6353.6,36.8
25.85,75.3,6353.6,36.8
25.85,75.32,6353.6,36.8
25.1353,74.5294,3086.7,36.2
25.1533,74.5492,3086.7,36.2
25.2953,74.495,3086.7,36.2
25.1533,74.5294,3086.7,36.2
25.0992,74.51,3086.7,36.2
25.1172,74.5492,3086.7,36.2
25.259,74.53,3086.7,36.2
25.259,74.51,3086.7,36.2
25.1353,74.5492,3086.7,36.2
25.3133,74.495,3086.7,36.2
25.0811,74.51,3086.7,36.2
25.2764,74.495,3086.7,36.2
25.1714,74.5492,3086.7,36.2
25.1172,74.5294,3086.7,36.2
25.295,74.51,3086.7,36.2
25.1894,74.5492,3086.7,36.2
25.331,74.53,3086.7,36.2
25.295,74.53,3086.7,36.2
25.277,74.53,3086.7,36.2
25.277,74.51,3086.7,36.2
25.2256,74.5492,3086.7,36.2
25.313,74.53,3086.7,36.2
25.313,74.51,3086.7,36.2
25.0992,74.5294,3086.7,36.2
25.2436,74.5294,3086.7,36.2
25.2436,74.5492,3086.7,36.2
25.1533,74.5689,3086.7,36.2
25.2591,74.8602,3625.3,35.9
25.2773,74.8803,3625.3,35.9
25.2772,74.8603,3625.3,35.9
25.2591,74.9802,3625.3,35.9
25.2591,74.8803,3625.3,35.9
25.2591,74.9001,3625.3,35.9
25.2591,74.9202,3625.3,35.9
25.25,75.01,3625.3,35.9
25.2591,74.9602,3625.3,35.9
25.2591,74.9949,3625.3,35.9
25.2591,74.9401,3625.3,35.9
25.2773,74.9602,3625.3,35.9
25.2773,74.9001,3625.3,35.9
25.2952,74.9401,3625.3,35.9
25.2438,74.8592,3625.3,35.9
25.2438,74.8791,3625.3,35.9
25.2438,74.9189,3625.3,35.9
25.26,75.01,3625.3,35.9
25.3133,74.8202,3625.3,35.9
25.3133,74.8001,3625.3,35.9
25.2773,74.9203,3625.3,35.9
25.2438,74.9585,3625.3,35.9
25.2438,74.9783,3625.3,35.9
25.2438,74.9942,3625.3,35.9
25.3133,74.7803,3625.3,35.9
25.28,75.01,3625.3,35.9
25.2952,74.9949,3625.3,35.9
25.2438,74.9387,3625.3,35.9
25.2438,74.899,3625.3,35.9
25.2953,74.8403,3625.3,35.9
25.2953,74.9204,3625.3,35.9
25.2773,74.9401,3625.3,35.9
25.2772,74.9803,3625.3,35.9
25.2953,74.8203,3625.3,35.9
25.2772,74.9949,3625.3,35.9
25.2952,74.8803,3625.3,35.9
25.2953,74.9002,3625.3,35.9
25.2952,74.8603,3625.3,35.9
25.8,75.11,5872.2,34.4
25.8,75.23,5872.2,34.4
25.85,75.26,5872.2,34.4
25.85,75.28,5872.2,34.4
25.78,75.23,5872.2,34.4
25.78,75.24,5872.2,34.4
25.8,75.17,5872.2,34.4
25.8,75.15,5872.2,34.4
25.85,75.24,5872.2,34.4
25.83,75.24,5872.2,34.4
25.8,75.21,5872.2,34.4
25.85,75.23,5872.2,34.4
25.8,75.13,5872.2,34.4
25.8,75.24,5872.2,34.4
25.81,75.24,5872.2,34.4
25.81,75.17,5872.2,34.4
25.81,75.19,5872.2,34.4
25.81,75.26,5872.2,34.4
25.8,75.26,5872.2,34.4
25.81,75.21,5872.2,34.4
25.83,75.21,5872.2,34.4
25.81,75.23,5872.2,34.4
25.8,75.19,5872.2,34.4
25.78,75.21,5872.2,34.4
25.78,75.19,5872.2,34.4
25.78,75.17,5872.2,34.4
25.78,75.15,5872.2,34.4
25.76,75.19,5872.2,34.4
25.83,75.23,5872.2,34.4
25.83,75.26,5872.2,34.4
25.2953,74.459,2971.5,33.7
25.2953,74.479,2971.5,33.7
25.0991,74.495,2971.5,33.7
25.1172,74.48,2971.5,33.7
25.2074,74.495,2971.5,33.7
25.2436,74.46,2971.5,33.7
25.1352,74.48,2971.5,33.7
25.2436,74.44,2971.5,33.7
25.2255,74.495,2971.5,33.7
25.1352,74.495,2971.5,33.7
25.2256,74.51,2971.5,33.7
25.1533,74.48,2971.5,33.7
25.1533,74.495,2971.5,33.7
25.1713,74.48,2971.5,33.7
25.2436,74.48,2971.5,33.7
25.1894,74.51,2971.5,33.7
25.2075,74.51,2971.5,33.7
25.2075,74.5294,2971.5,33.7
25.2075,74.5492,2971.5,33.7
25.2436,74.495,2971.5,33.7
25.1713,74.495,2971.5,33.7
25.2256,74.5294,2971.5,33.7
25.1894,74.46,2971.5,33.7
25.1894,74.48,2971.5,33.7
25.1894,74.495,2971.5,33.7
25.2074,74.46,2971.5,33.7
25.2074,74.48,2971.5,33.7
25.2255,74.48,2971.5,33.7
25.1894,74.5294,2971.5,33.7
25.1172,74.495,2971.5,33.7
25.0991,74.48,2971.5,33.7
25.1714,74.5294,2971.5,33.7
25.2953,74.439,2971.5,33.7
25.2953,74.419,2971.5,33.7
25.2953,74.399,2971.5,33.7
25.2764,74.479,2971.5,33.7
25.2764,74.459,2971.5,33.7
25.2764,74.439,2971.5,33.7
25.2764,74.419,2971.5,33.7
25.2764,74.399,2971.5,33.7
25.2592,74.495,2971.5,33.7
25.2592,74.479,2971.5,33.7
25.2592,74.459,2971.5,33.7
25.2592,74.439,2971.5,33.7
25.3133,74.439,2971.5,33.7
25.0811,74.495,2971.5,33.7
25.1714,74.51,2971.5,33.7
25.3133,74.459,2971.5,33.7
25.1172,74.51,2971.5,33.7
25.0811,74.48,2971.5,33.7
25.2436,74.51,2971.5,33.7
25.3133,74.479,2971.5,33.7
25.2255,74.46,2971.5,33.7
25.1353,74.51,2971.5,33.7
25.1533,74.51,2971.5,33.7
25.349,74.743,2131.5,31.5
25.367,74.743,2131.5,31.5
25.385,74.669,2131.5,31.5
25.367,74.729,2131.5,31.5
25.367,74.709,2131.5,31.5
25.367,74.689,2131.5,31.5
25.385,74.709,2131.5,31.5
25.385,74.689,2131.5,31.5
25.385,74.729,2131.5,31.5
25.385,74.743,2131.5,31.5
25.367,74.669,2131.5,31.5
25.422,74.709,2131.5,31.5
25.403,74.649,2131.5,31.5
25.3315,74.7804,2131.5,31.5
25.3493,74.7602,2131.5,31.5
25.3494,74.7804,2131.5,31.5
25.3494,74.8001,2131.5,31.5
25.3674,74.7602,2131.5,31.5
25.3674,74.7804,2131.5,31.5
25.3674,74.8003,2131.5,31.5
25.3855,74.7601,2131.5,31.5
25.3315,74.8001,2131.5,31.5
25.3314,74.7601,2131.5,31.5
25.403,74.669,2131.5,31.5
25.422,74.729,2131.5,31.5
25.349,74.689,2131.5,31.5
25.422,74.689,2131.5,31.5
25.422,74.669,2131.5,31.5
25.403,74.743,2131.5,31.5
25.403,74.729,2131.5,31.5
25.403,74.709,2131.5,31.5
25.403,74.689,2131.5,31.5
25.349,74.729,2131.5,31.5
25.349,74.709,2131.5,31.5
25.349,74.669,2131.5,31.5
25.331,74.743,2131.5,31.5
25.313,74.689,2131.5,31.5
25.331,74.669,2131.5,31.5
25.331,74.709,2131.5,31.5
25.331,74.689,2131.5,31.5
25.3133,74.9949,2286.2,29.4
25.31,75.03,2286.2,29.4
25.3674,74.8803,2286.2,29.4
25.31,75.05,2286.2,29.4
25.3316,74.8604,2286.2,29.4
25.3133,74.9402,2286.2,29.4
25.3315,74.8403,2286.2,29.4
25.3315,74.8202,2286.2,29.4
25.31,75.01,2286.2,29.4
25.3,75.01,2286.2,29.4
25.3,75.05,2286.2,29.4
25.3132,74.9603,2286.2,29.4
25.3675,74.8203,2286.2,29.4
25.2952,74.9602,2286.2,29.4
25.3133,74.9804,2286.2,29.4
25.3,75.03,2286.2,29.4
25.3675,74.8605,2286.2,29.4
25.3314,74.9403,2286.2,29.4
25.33,75.01,2286.2,29.4
25.3494,74.9003,2286.2,29.4
25.3314,74.9804,2286.2,29.4
25.3314,74.9949,2286.2,29.4
25.3494,74.8203,2286.2,29.4
25.3495,74.8403,2286.2,29.4
25.3495,74.8605,2286.2,29.4
25.3495,74.8804,2286.2,29.4
25.3495,74.9206,2286.2,29.4
25.33,75.03,2286.2,29.4
25.3314,74.9205,2286.2,29.4
25.3314,74.9002,2286.2,29.4
25.3315,74.8803,2286.2,29.4
25.3493,74.9805,2286.2,29.4
25.3494,74.9949,2286.2,29.4
25.2952,74.9802,2286.2,29.4
25.33,75.05,2286.2,29.4
25.3314,74.9603,2286.2,29.4
25.3133,74.8403,2286.2,29.4
25.3133,74.8602,2286.2,29.4
25.3133,74.8803,2286.2,29.4
25.3132,74.9002,2286.2,29.4
25.3133,74.9204,2286.2,29.4
26.0272,75.17,2369.1,28.8
25.98,75.15,2369.1,28.8
26.0453,75.19,2369.1,28.8
26.0453,75.17,2369.1,28.8
26.0091,75.15,2369.1,28.8
26.0,75.15,2369.1,28.8
25.494,74.59,1977.7,26.2
25.385,74.609,1977.7,26.2
25.385,74.59,1977.7,26.2
25.385,74.649,1977.7,26.2
25.331,74.649,1977.7,26.2
25.385,74.629,1977.7,26.2
25.349,74.59,1977.7,26.2
25.349,74.57,1977.7,26.2
25.5093,74.5896,1977.7,26.2
25.367,74.649,1977.7,26.2
25.367,74.609,1977.7,26.2
25.367,74.59,1977.7,26.2
25.494,74.609,1977.7,26.2
25.494,74.629,1977.7,26.2
25.494,74.649,1977.7,26.2
25.367,74.57,1977.7,26.2
25.349,74.609,1977.7,26.2
25.5092,74.5697,1977.7,26.2
25.403,74.609,1977.7,26.2
25.5092,74.6094,1977.7,26.2
25.5271,74.5696,1977.7,26.2
25.422,74.629,1977.7,26.2
25.422,74.609,1977.7,26.2
25.476,74.609,1977.7,26.2
25.476,74.629,1977.7,26.2
25.458,74.649,1977.7,26.2
25.458,74.629,1977.7,26.2
25.458,74.609,1977.7,26.2
25.44,74.609,1977.7,26.2
25.44,74.629,1977.7,26.2
25.476,74.649,1977.7,26.2
25.44,74.649,1977.7,26.2
25.403,74.629,1977.7,26.2
25.422,74.649,1977.7,26.2
25.5271,74.5896,1977.7,26.2
25.476,74.59,1977.7,26.2
25.98,75.32,2712.0,25.1
25.98,75.34,2712.0,25.1
26.0634,75.23,2712.0,25.1
26.0453,75.23,2712.0,25.1
26.0,75.28,2712.0,25.1
26.0,75.26,2712.0,25.1
26.0091,75.19,2712.0,25.1
26.0091,75.21,2712.0,25.1
26.0091,75.23,2712.0,25.1
26.0091,75.25,2712.0,25.1
26.0272,75.19,2712.0,25.1
26.0272,75.21,2712.0,25.1
26.0272,75.23,2712.0,25.1
26.0272,75.25,2712.0,25.1
26.0271,75.32,2712.0,25.1
26.0453,75.21,2712.0,25.1
26.0453,75.25,2712.0,25.1
26.0,75.32,2712.0,25.1
26.0634,75.21,2712.0,25.1
26.0271,75.3,2712.0,25.1
26.0634,75.25,2712.0,25.1
26.0815,75.21,2712.0,25.1
26.0271,75.28,2712.0,25.1
26.0271,75.26,2712.0,25.1
26.0815,75.23,2712.0,25.1
26.009,75.26,2712.0,25.1
26.009,75.28,2712.0,25.1
26.009,75.3,2712.0,25.1
26.009,75.32,2712.0,25.1
26.009,75.34,2712.0,25.1
26.0,75.3,2712.0,25.1
26.0091,75.17,2712.0,25.1
26.0,75.17,2712.0,25.1
26.0451,75.3,2712.0,25.1
25.98,75.3,2712.0,25.1
25.98,75.28,2712.0,25.1
25.98,75.26,2712.0,25.1
26.0451,75.32,2712.0,25.1
25.96,75.32,2712.0,25.1
25.96,75.3,2712.0,25.1
25.96,75.28,2712.0,25.1
25.96,75.26,2712.0,25.1
26.0,75.24,2712.0,25.1
26.0,75.23,2712.0,25.1
26.0,75.21,2712.0,25.1
26.0,75.19,2712.0,25.1
26.009,75.36,2712.0,25.1
26.0,75.34,2712.0,25.1
26.0451,75.28,2712.0,25.1
26.0451,75.26,2712.0,25.1
25.98,75.24,2712.0,25.1
25.98,75.23,2712.0,25.1
25.98,75.21,2712.0,25.1
25.98,75.19,2712.0,25.1
25.96,75.24,2712.0,25.1
26.0271,75.36,2712.0,25.1
26.0271,75.34,2712.0,25.1
25.98,75.36,2712.0,25.1
26.0,75.36,2712.0,25.1
25.8132,74.8992,1476.3,24.8
25.8132,74.9191,1476.3,24.8
25.7771,74.7997,1476.3,24.8
25.8493,74.8793,1476.3,24.8
25.8313,74.9588,1476.3,24.8
25.7771,74.8395,1476.3,24.8
25.7771,74.8594,1476.3,24.8
25.7951,74.8196,1476.3,24.8
25.7951,74.8395,1476.3,24.8
25.7951,74.8594,1476.3,24.8
25.7951,74.8793,1476.3,24.8
25.7951,74.8992,1476.3,24.8
25.7951,74.9191,1476.3,24.8
25.7951,74.9389,1476.3,24.8
25.8493,74.8992,1476.3,24.8
25.7951,74.9588,1476.3,24.8
25.8132,74.9389,1476.3,24.8
25.8313,74.9389,1476.3,24.8
25.8313,74.9191,1476.3,24.8
25.8313,74.8992,1476.3,24.8
25.8132,74.9787,1476.3,24.8
25.7771,74.8196,1476.3,24.8
25.8132,74.9588,1476.3,24.8
26.0451,75.46,3067.1,22.2
26.009,75.44,3067.1,22.2
26.009,75.46,3067.1,22.2
26.009,75.48,3067.1,22.2
26.0632,75.44,3067.1,22.2
26.0632,75.42,3067.1,22.2
26.0451,75.48,3067.1,22.2
26.0271,75.42,3067.1,22.2
26.0451,75.44,3067.1,22.2
26.0451,75.42,3067.1,22.2
26.0271,75.44,3067.1,22.2
26.009,75.42,3067.1,22.2
26.0271,75.48,3067.1,22.2
26.0271,75.46,3067.1,22.2
26.009,75.4,3067.1,22.2
26.0632,75.46,3067.1,22.2
25.98,75.38,3067.1,22.2
25.96,75.4,3067.1,22.2
26.0,75.48,3067.1,22.2
26.0,75.46,3067.1,22.2
26.0813,75.42,3067.1,22.2
25.96,75.38,3067.1,22.2
26.0,75.44,3067.1,22.2
26.1177,75.09,2158.7,21.8
26.0634,75.13,2158.7,21.8
26.0815,75.11,2158.7,21.8
26.0815,75.13,2158.7,21.8
26.1177,75.11,2158.7,21.8
26.0815,75.09,2158.7,21.8
26.0453,75.05,2158.7,21.8
26.0453,75.07,2158.7,21.8
26.0815,75.07,2158.7,21.8
26.0815,75.05,2158.7,21.8
26.0996,75.07,2158.7,21.8
26.1177,75.07,2158.7,21.8
26.0453,75.09,2158.7,21.8
26.0453,75.11,2158.7,21.8
26.0453,75.13,2158.7,21.8
26.0634,75.15,2158.7,21.8
26.0996,75.05,2158.7,21.8
26.0634,75.07,2158.7,21.8
26.0996,75.13,2158.7,21.8
26.0634,75.11,2158.7,21.8
26.0634,75.09,2158.7,21.8
26.0996,75.11,2158.7,21.8
26.1358,75.09,2158.7,21.8
26.0634,75.05,2158.7,21.8
26.0996,75.09,2158.7,21.8
25.0811,74.38,2512.2,21.6
25.063,74.38,2512.2,21.6
25.0811,74.46,2512.2,21.6
25.0811,74.44,2512.2,21.6
25.063,74.44,2512.2,21.6
25.063,74.4,2512.2,21.6
25.063,74.42,2512.2,21.6
25.0811,74.42,2512.2,21.6
25.0811,74.4,2512.2,21.6
25.1533,74.4,2512.2,21.6
25.0991,74.4,2512.2,21.6
25.0991,74.38,2512.2,21.6
25.1533,74.44,2512.2,21.6
25.0991,74.42,2512.2,21.6
25.1352,74.36,2512.2,21.6
25.1533,74.42,2512.2,21.6
25.1352,74.46,2512.2,21.6
25.1352,74.44,2512.2,21.6
25.1352,74.42,2512.2,21.6
25.1352,74.4,2512.2,21.6
25.1352,74.38,2512.2,21.6
25.1172,74.46,2512.2,21.6
25.0991,74.44,2512.2,21.6
25.1172,74.44,2512.2,21.6
25.1172,74.42,2512.2,21.6
25.1172,74.4,2512.2,21.6
25.1533,74.46,2512.2,21.6
25.1172,74.36,2512.2,21.6
25.0991,74.46,2512.2,21.6
25.1172,74.38,2512.2,21.6
25.1533,74.38,2512.2,21.6
25.045,74.4,2512.2,21.6
25.045,74.42,2512.2,21.6
26.1542,74.9945,826.6,21.5
26.1358,75.05,826.6,21.5
26.2447,75.03,826.6,21.5
26.1539,75.01,826.6,21.5
26.1177,75.01,826.6,21.5
26.1905,74.94,826.6,21.5
26.1177,75.03,826.6,21.5
26.1177,75.05,826.6,21.5
26.1179,74.98,826.6,21.5
26.1905,74.92,826.6,21.5
26.1179,74.9945,826.6,21.5
26.2264,75.01,826.6,21.5
26.1358,75.07,826.6,21.5
26.259,75.03,826.6,21.5
26.1723,74.92,826.6,21.5
26.1905,74.96,826.6,21.5
26.2086,74.9945,826.6,21.5
26.2086,74.98,826.6,21.5
26.1723,74.94,826.6,21.5
26.1542,74.96,826.6,21.5
26.1542,74.98,826.6,21.5
26.1358,75.03,826.6,21.5
26.1358,75.01,826.6,21.5
26.2264,75.03,826.6,21.5
26.2264,75.05,826.6,21.5
26.2447,75.01,826.6,21.5
26.1539,75.05,826.6,21.5
26.1539,75.03,826.6,21.5
26.1905,74.98,826.6,21.5
26.2083,75.05,826.6,21.5
26.1723,74.9945,826.6,21.5
26.1723,74.98,826.6,21.5
26.1723,74.96,826.6,21.5
26.136,74.9945,826.6,21.5
26.2083,75.01,826.6,21.5
26.1902,75.05,826.6,21.5
26.1902,75.03,826.6,21.5
26.1902,75.01,826.6,21.5
26.136,74.98,826.6,21.5
26.0996,75.03,826.6,21.5
26.0996,75.01,826.6,21.5
26.2086,74.94,826.6,21.5
26.2083,75.03,826.6,21.5
26.2447,75.05,826.6,21.5
26.1721,75.05,826.6,21.5
26.1905,74.9945,826.6,21.5
26.1721,75.01,826.6,21.5
26.1721,75.03,826.6,21.5
25.7445,74.7294,1267.4,21.2
25.7445,74.6894,1267.4,21.2
25.7444,74.7095,1267.4,21.2
25.7444,74.7446,1267.4,21.2
25.7951,74.7599,1267.4,21.2
25.7952,74.7302,1267.4,21.2
25.8133,74.7453,1267.4,21.2
25.8132,74.8395,1267.4,21.2
25.7951,74.7798,1267.4,21.2
25.7263,74.6695,1267.4,21.2
25.7263,74.7292,1267.4,21.2
25.7771,74.7302,1267.4,21.2
25.8313,74.7599,1267.4,21.2
25.759,74.7798,1267.4,21.2
25.7771,74.7453,1267.4,21.2
25.8132,74.8594,1267.4,21.2
25.7446,74.6695,1267.4,21.2
25.8132,74.8793,1267.4,21.2
25.7262,74.7095,1267.4,21.2
25.7771,74.7102,1267.4,21.2
25.8313,74.7798,1267.4,21.2
25.7261,74.7446,1267.4,21.2
25.8132,74.7997,1267.4,21.2
25.759,74.7302,1267.4,21.2
25.8132,74.7599,1267.4,21.2
25.7771,74.7599,1267.4,21.2
25.759,74.7453,1267.4,21.2
25.7263,74.6894,1267.4,21.2
25.7951,74.7997,1267.4,21.2
25.7952,74.7453,1267.4,21.2
25.759,74.7102,1267.4,21.2
25.759,74.6902,1267.4,21.2
25.8132,74.7798,1267.4,21.2
25.7771,74.7798,1267.4,21.2
25.8493,74.7997,1267.4,21.2
25.8313,74.8196,1267.4,21.2
25.7449,74.7599,1267.4,21.2
25.8493,74.7599,1267.4,21.2
25.8132,74.8196,1267.4,21.2
25.8493,74.7798,1267.4,21.2
25.8313,74.8395,1267.4,21.2
25.8313,74.7997,1267.4,21.2
25.92,75.49,25996.2,20.2
25.94,75.48,25996.2,20.2
25.94,75.46,25996.2,20.2
25.98,75.48,25996.2,20.2
25.89,75.48,25996.2,20.2
25.89,75.46,25996.2,20.2
25.98,75.46,25996.2,20.2
25.85,75.44,25996.2,20.2
25.92,75.48,25996.2,20.2
25.87,75.46,25996.2,20.2
25.89,75.53,25996.2,20.2
25.85,75.46,25996.2,20.2
25.85,75.48,25996.2,20.2
25.96,75.46,25996.2,20.2
25.87,75.48,25996.2,20.2
25.9,75.49,25996.2,20.2
25.9,75.48,25996.2,20.2
25.9,75.46,25996.2,20.2
25.87,75.49,25996.2,20.2
25.92,75.51,25996.2,20.2
25.89,75.51,25996.2,20.2
25.9,75.51,25996.2,20.2
25.89,75.49,25996.2,20.2
25.94,75.49,25996.2,20.2
25.89,75.44,22832.5,20.0
25.87,75.42,22832.5,20.0
25.8,75.4,22832.5,20.0
25.98,75.49,26319.2,20.0
25.87,75.44,22832.5,20.0
25.81,75.38,22832.5,20.0
25.87,75.34,22832.5,20.0
25.81,75.36,22832.5,20.0
25.87,75.36,22832.5,20.0
25.87,75.38,22832.5,20.0
25.87,75.4,22832.5,20.0
25.8,75.42,22832.5,20.0
25.8,75.38,22832.5,20.0
25.78,75.38,22832.5,20.0
25.85,75.59,26319.2,20.0
25.81,75.4,22832.5,20.0
25.83,75.38,22832.5,20.0
25.96,75.48,26319.2,20.0
25.98,75.51,26319.2,20.0
25.96,75.36,22832.5,20.0
25.96,75.34,22832.5,20.0
25.94,75.4,22832.5,20.0
25.94,75.38,22832.5,20.0
25.94,75.36,22832.5,20.0
25.94,75.34,22832.5,20.0
25.94,75.32,22832.5,20.0
25.8,75.55,26319.2,20.0
25.94,75.3,22832.5,20.0
25.83,75.36,22832.5,20.0
25.92,75.4,22832.5,20.0
25.92,75.38,22832.5,20.0
25.96,75.53,26319.2,20.0
25.83,75.4,22832.5,20.0
25.83,75.42,22832.5,20.0
25.85,75.34,22832.5,20.0
25.85,75.36,22832.5,20.0
25.85,75.38,22832.5,20.0
25.85,75.4,22832.5,20.0
25.85,75.42,22832.5,20.0
25.92,75.36,22832.5,20.0
25.89,75.34,22832.5,20.0
25.92,75.34,22832.5,20.0
25.92,75.32,22832.5,20.0
25.9,75.32,22832.5,20.0
25.9,75.34,22832.5,20.0
25.92,75.3,22832.5,20.0
25.96,75.55,26319.2,20.0
25.96,75.51,26319.2,20.0
25.89,75.59,26319.2,20.0
25.81,75.42,22832.5,20.0
25.81,75.55,26319.2,20.0
25.81,75.57,26319.2,20.0
25.89,75.36,22832.5,20.0
25.83,75.53,26319.2,20.0
25.83,75.55,26319.2,20.0
25.83,75.57,26319.2,20.0
25.85,75.55,26319.2,20.0
25.85,75.57,26319.2,20.0
25.87,75.55,26319.2,20.0
25.87,75.57,26319.2,20.0
25.87,75.59,26319.2,20.0
25.96,75.49,26319.2,20.0
25.89,75.57,26319.2,20.0
25.9,75.53,26319.2,20.0
25.9,75.55,26319.2,20.0
25.9,75.57,26319.2,20.0
25.9,75.59,26319.2,20.0
25.92,75.53,26319.2,20.0
25.92,75.55,26319.2,20.0
25.92,75.57,26319.2,20.0
25.92,75.59,26319.2,20.0
25.94,75.51,26319.2,20.0
25.94,75.53,26319.2,20.0
25.94,75.55,26319.2,20.0
25.94,75.57,26319.2,20.0
25.9,75.36,22832.5,20.0
26.009,75.4967,26448.4,19.9
26.0269,75.55,26448.4,19.9
26.0269,75.57,26448.4,19.9
26.0,75.57,26448.4,19.9
25.98,75.57,26448.4,19.9
25.98,75.59,26448.4,19.9
26.0,75.49,26448.4,19.9
26.0089,75.53,26448.4,19.9
25.94,75.59,26448.4,19.9
25.96,75.57,26448.4,19.9
25.96,75.59,26448.4,19.9
25.98,75.53,26448.4,19.9
25.98,75.55,26448.4,19.9
26.0269,75.53,26448.4,19.9
26.0,75.51,26448.4,19.9
26.0,75.53,26448.4,19.9
26.0,75.55,26448.4,19.9
26.0,75.59,26448.4,19.9
26.0089,75.55,26448.4,19.9
26.0089,75.57,26448.4,19.9
26.0089,75.59,26448.4,19.9
26.0089,75.51,26448.4,19.9
25.6902,74.51,749.4,15.6
25.6902,74.5499,749.4,15.6
25.6902,74.5697,749.4,15.6
25.6902,74.5298,749.4,15.6
25.7263,74.5897,749.4,15.6
25.7446,74.6298,749.4,15.6
25.654,74.5299,749.4,15.6
25.6721,74.5697,749.4,15.6
25.6721,74.5499,749.4,15.6
25.6721,74.5297,749.4,15.6
25.672,74.51,749.4,15.6
25.654,74.5894,749.4,15.6
25.6541,74.5696,749.4,15.6
25.654,74.5099,749.4,15.6
25.7445,74.6099,749.4,15.6
25.6362,74.4755,749.4,15.6
25.7444,74.51,749.4,15.6
25.7445,74.5299,749.4,15.6
25.7445,74.55,749.4,15.6
25.7445,74.5698,749.4,15.6
25.7446,74.5897,749.4,15.6
25.6362,74.4559,749.4,15.6
25.6722,74.5895,749.4,15.6
25.7263,74.6098,749.4,15.6
25.7263,74.5499,749.4,15.6
25.7082,74.5896,749.4,15.6
25.7263,74.6495,749.4,15.6
25.7263,74.6297,749.4,15.6
25.7771,74.6502,749.4,15.6
25.6543,74.4755,749.4,15.6
25.6543,74.4944,749.4,15.6
25.7081,74.6097,749.4,15.6
25.7081,74.6296,749.4,15.6
25.759,74.6502,749.4,15.6
25.7263,74.5101,749.4,15.6
25.7262,74.5298,749.4,15.6
25.759,74.6301,749.4,15.6
25.759,74.6101,749.4,15.6
25.7263,74.5698,749.4,15.6
25.6543,74.4559,749.4,15.6
25.6722,74.4363,749.4,15.6
25.6722,74.4559,749.4,15.6
25.6722,74.4755,749.4,15.6
25.6906,74.4559,749.4,15.6
25.6906,74.4755,749.4,15.6
25.6906,74.4944,749.4,15.6
25.7446,74.6497,749.4,15.6
25.7087,74.4559,749.4,15.6
25.7087,74.4755,749.4,15.6
25.7087,74.4944,749.4,15.6
25.7268,74.4755,749.4,15.6
25.7268,74.4944,749.4,15.6
25.7449,74.4944,749.4,15.6
25.6722,74.6096,749.4,15.6
25.6722,74.4944,749.4,15.6
25.7081,74.5499,749.4,15.6
25.7081,74.5697,749.4,15.6
25.6362,74.4944,749.4,15.6
25.7081,74.51,749.4,15.6
25.7081,74.5299,749.4,15.6
25.6903,74.5895,749.4,15.6
25.6902,74.6097,749.4,15.6
26.0453,74.9,1225.3,15.2
26.0272,74.94,1225.3,15.2
26.0635,74.88,1225.3,15.2
26.0816,74.98,1225.3,15.2
26.0816,74.9945,1225.3,15.2
26.0453,75.01,1225.3,15.2
26.0453,74.9945,1225.3,15.2
26.0453,74.98,1225.3,15.2
26.0453,74.96,1225.3,15.2
26.0453,74.94,1225.3,15.2
26.0453,74.92,1225.3,15.2
26.0453,75.03,1225.3,15.2
25.9937,74.8793,1225.3,15.2
26.0453,74.88,1225.3,15.2
26.0272,74.9945,1225.3,15.2
26.1179,74.96,1225.3,15.2
26.0272,74.98,1225.3,15.2
26.0635,74.9,1225.3,15.2
26.0635,74.92,1225.3,15.2
26.0635,74.94,1225.3,15.2
26.0816,74.94,1225.3,15.2
26.0815,75.03,1225.3,15.2
26.0815,75.01,1225.3,15.2
26.0998,74.96,1225.3,15.2
26.0998,74.98,1225.3,15.2
26.0816,74.92,1225.3,15.2
26.0635,74.9945,1225.3,15.2
26.0635,74.98,1225.3,15.2
26.0816,74.96,1225.3,15.2
26.0635,74.96,1225.3,15.2
26.1542,74.92,1225.3,15.2
26.136,74.96,1225.3,15.2
26.1542,74.94,1225.3,15.2
26.136,74.94,1225.3,15.2
26.136,74.92,1225.3,15.2
26.0272,74.96,1225.3,15.2
26.0998,74.94,1225.3,15.2
26.0272,74.92,1225.3,15.2
26.0272,74.86,1225.3,15.2
26.0998,74.9945,1225.3,15.2
26.0091,74.86,1225.3,15.2
26.0091,74.88,1225.3,15.2
26.0634,75.03,1225.3,15.2
26.0091,74.9,1225.3,15.2
26.1179,74.94,1225.3,15.2
26.0272,74.88,1225.3,15.2
25.9937,74.8594,1225.3,15.2
26.0272,74.9,1225.3,15.2
25.37,75.13,14852.8,15.1
25.44,75.07,14852.8,15.1
25.37,75.15,14852.8,15.1
25.37,75.17,14852.8,15.1
25.4,75.13,14852.8,15.1
25.39,75.03,14852.8,15.1
25.39,75.05,14852.8,15.1
25.44,75.09,14852.8,15.1
25.39,75.07,14852.8,15.1
25.4,75.03,14852.8,15.1
25.4,75.07,14852.8,15.1
25.37,75.09,14852.8,15.1
25.39,75.09,14852.8,15.1
25.44,75.11,14852.8,15.1
25.44,75.13,14852.8,15.1
25.39,75.11,14852.8,15.1
25.37,75.11,14852.8,15.1
25.37,75.01,14852.8,15.1
25.37,75.07,14852.8,15.1
25.35,75.07,14852.8,15.1
25.39,75.17,14852.8,15.1
25.4,75.15,14852.8,15.1
25.4,75.19,14852.8,15.1
25.39,75.15,14852.8,15.1
25.35,75.01,14852.8,15.1
25.42,75.05,14852.8,15.1
25.35,75.03,14852.8,15.1
25.35,75.05,14852.8,15.1
25.42,75.07,14852.8,15.1
25.37,75.05,14852.8,15.1
25.42,75.09,14852.8,15.1
25.42,75.11,14852.8,15.1
25.42,75.13,14852.8,15.1
25.42,75.15,14852.8,15.1
25.44,75.05,14852.8,15.1
25.35,75.15,14852.8,15.1
25.4,75.17,14852.8,15.1
25.37,75.03,14852.8,15.1
25.39,75.13,14852.8,15.1
25.4,75.09,14852.8,15.1
25.44,75.15,14852.8,15.1
25.3675,74.9949,14852.8,15.1
25.4,75.11,14852.8,15.1
25.48,75.05,15301.6,14.6
25.49,75.11,15301.6,14.6
25.49,75.09,15301.6,14.6
25.49,75.07,15301.6,14.6
25.49,75.05,15301.6,14.6
25.46,75.05,15301.6,14.6
25.48,75.11,15301.6,14.6
25.48,75.09,15301.6,14.6
25.48,75.07,15301.6,14.6
25.46,75.09,15301.6,14.6
25.46,75.11,15301.6,14.6
25.46,75.07,15301.6,14.6
25.51,75.21,15583.1,14.4
25.46,75.15,15583.1,14.4
25.56,75.11,15583.1,14.4
25.46,75.19,15583.1,14.4
25.56,75.15,15583.1,14.4
25.56,75.17,15583.1,14.4
25.56,75.19,15583.1,14.4
25.49,75.13,15583.1,14.4
25.49,75.15,15583.1,14.4
25.49,75.17,15583.1,14.4
25.49,75.19,15583.1,14.4
25.58,75.13,15583.1,14.4
25.58,75.15,15583.1,14.4
25.58,75.17,15583.1,14.4
25.49,75.21,15583.1,14.4
25.49,75.23,15583.1,14.4
25.49,75.24,15583.1,14.4
25.6,75.15,15583.1,14.4
25.6,75.17,15583.1,14.4
25.46,75.13,15583.1,14.4
25.56,75.13,15583.1,14.4
25.48,75.24,15583.1,14.4
25.48,75.15,15583.1,14.4
25.51,75.19,15583.1,14.4
25.51,75.17,15583.1,14.4
25.51,75.15,15583.1,14.4
25.51,75.13,15583.1,14.4
25.53,75.13,15583.1,14.4
25.53,75.15,15583.1,14.4
25.53,75.17,15583.1,14.4
25.53,75.19,15583.1,14.4
25.46,75.17,15583.1,14.4
25.48,75.13,15583.1,14.4
25.48,75.17,15583.1,14.4
25.48,75.19,15583.1,14.4
25.55,75.19,15583.1,14.4
25.55,75.17,15583.1,14.4
25.55,75.13,15583.1,14.4
25.48,75.21,15583.1,14.4
25.55,75.15,15583.1,14.4
25.48,75.23,15583.1,14.4
25.83,75.05,4347.9,14.3
25.83,75.03,4347.9,14.3
25.85,75.01,4347.9,14.3
25.8,75.05,4347.9,14.3
25.81,75.07,4347.9,14.3
25.81,75.05,4347.9,14.3
25.81,75.03,4347.9,14.3
25.81,75.01,4347.9,14.3
25.83,75.01,4347.9,14.3
25.87,75.01,4347.9,14.3
25.8,75.09,4347.9,14.3
25.8,75.01,4347.9,14.3
25.7951,74.9931,4347.9,14.3
25.78,75.11,4347.9,14.3
25.76,75.11,4347.9,14.3
25.78,75.13,4347.9,14.3
25.44,74.51,1702.8,14.3
25.8132,74.9931,4347.9,14.3
25.78,75.09,4347.9,14.3
25.78,75.05,4347.9,14.3
25.76,75.13,4347.9,14.3
25.78,75.07,4347.9,14.3
25.422,74.59,1702.8,14.3
25.422,74.57,1702.8,14.3
25.422,74.55,1702.8,14.3
25.8,75.07,4347.9,14.3
25.422,74.53,1702.8,14.3
25.422,74.51,1702.8,14.3
25.403,74.59,1702.8,14.3
25.403,74.57,1702.8,14.3
25.403,74.55,1702.8,14.3
25.76,75.15,4347.9,14.3
25.76,75.17,4347.9,14.3
25.8313,74.9931,4347.9,14.3
25.8,75.03,4347.9,14.3
25.385,74.57,1702.8,14.3
25.78,75.03,4347.9,14.3
25.56,75.24,15718.4,14.2
25.56,75.23,15718.4,14.2
25.56,75.21,15718.4,14.2
25.64,75.23,15718.4,14.2
25.58,75.19,15718.4,14.2
25.58,75.21,15718.4,14.2
25.58,75.23,15718.4,14.2
25.58,75.24,15718.4,14.2
25.56,75.28,15718.4,14.2
25.55,75.26,15718.4,14.2
25.55,75.28,15718.4,14.2
25.6,75.19,15718.4,14.2
25.6,75.21,15718.4,14.2
25.56,75.26,15718.4,14.2
25.53,75.21,15718.4,14.2
25.56,75.3,15718.4,14.2
25.62,75.21,15718.4,14.2
25.51,75.26,15718.4,14.2
25.64,75.24,15718.4,14.2
25.6,75.23,15718.4,14.2
25.6,75.26,15718.4,14.2
25.58,75.26,15718.4,14.2
25.53,75.26,15718.4,14.2
25.62,75.24,15718.4,14.2
25.62,75.23,15718.4,14.2
25.51,75.23,15718.4,14.2
25.55,75.24,15718.4,14.2
25.51,75.24,15718.4,14.2
25.62,75.19,15718.4,14.2
25.53,75.28,15718.4,14.2
25.64,75.21,15718.4,14.2
25.53,75.23,15718.4,14.2
25.53,75.24,15718.4,14.2
25.55,75.21,15718.4,14.2
25.55,75.23,15718.4,14.2
25.6,75.24,15718.4,14.2
25.71,75.17,16019.0,14.0
25.58,75.28,16019.0,14.0
25.72,75.17,16019.0,14.0
25.69,75.19,16019.0,14.0
25.69,75.21,16019.0,14.0
25.71,75.15,16019.0,14.0
25.65,75.26,16019.0,14.0
25.71,75.19,16019.0,14.0
25.71,75.21,16019.0,14.0
25.65,75.28,16019.0,14.0
25.65,75.3,16019.0,14.0
25.72,75.19,16019.0,14.0
25.58,75.3,16019.0,14.0
25.65,75.32,16019.0,14.0
25.65,75.34,16019.0,14.0
25.67,75.26,16019.0,14.0
25.67,75.28,16019.0,14.0
25.67,75.3,16019.0,14.0
25.67,75.32,16019.0,14.0
25.67,75.34,16019.0,14.0
25.67,75.36,16019.0,14.0
25.69,75.17,16019.0,14.0
25.69,75.15,16019.0,14.0
25.69,75.13,16019.0,14.0
25.67,75.24,16019.0,14.0
25.6,75.28,16019.0,14.0
25.6,75.3,16019.0,14.0
25.6,75.32,16019.0,14.0
25.62,75.28,16019.0,14.0
25.62,75.3,16019.0,14.0
25.62,75.32,16019.0,14.0
25.62,75.34,16019.0,14.0
25.65,75.23,16019.0,14.0
25.65,75.24,16019.0,14.0
25.64,75.26,16019.0,14.0
25.64,75.28,16019.0,14.0
25.64,75.3,16019.0,14.0
25.67,75.13,16019.0,14.0
25.67,75.15,16019.0,14.0
25.64,75.32,16019.0,14.0
25.64,75.34,16019.0,14.0
25.67,75.23,16019.0,14.0
25.62,75.26,16019.0,14.0
25.76,75.26,16138.2,13.9
25.76,75.21,16138.2,13.9
25.76,75.23,16138.2,13.9
25.72,75.24,16138.2,13.9
25.74,75.3,16138.2,13.9
25.74,75.28,16138.2,13.9
25.74,75.26,16138.2,13.9
25.72,75.32,16138.2,13.9
25.72,75.3,16138.2,13.9
25.72,75.28,16138.2,13.9
25.72,75.26,16138.2,13.9
25.71,75.32,16138.2,13.9
25.71,75.3,16138.2,13.9
25.71,75.28,16138.2,13.9
25.71,75.26,16138.2,13.9
25.69,75.32,16138.2,13.9
25.76,75.3,16138.2,13.9
25.69,75.3,16138.2,13.9
25.69,75.28,16138.2,13.9
25.69,75.26,16138.2,13.9
25.74,75.24,16138.2,13.9
25.69,75.23,16138.2,13.9
25.69,75.24,16138.2,13.9
25.74,75.23,16138.2,13.9
25.74,75.21,16138.2,13.9
25.71,75.23,16138.2,13.9
25.71,75.24,16138.2,13.9
25.74,75.19,16138.2,13.9
25.72,75.21,16138.2,13.9
25.76,75.28,16138.2,13.9
25.72,75.23,16138.2,13.9
25.76,75.24,16138.2,13.9
25.76,75.32,16276.1,13.7
25.81,75.28,16276.1,13.7
25.8,75.3,16276.1,13.7
25.71,75.4,16276.1,13.7
25.76,75.34,16276.1,13.7
25.71,75.36,16276.1,13.7
25.71,75.34,16276.1,13.7
25.8,75.32,16276.1,13.7
25.8,75.34,16276.1,13.7
25.8,75.36,16276.1,13.7
25.69,75.38,16276.1,13.7
25.78,75.36,16276.1,13.7
25.81,75.3,16276.1,13.7
25.69,75.36,16276.1,13.7
25.69,75.34,16276.1,13.7
25.81,75.32,16276.1,13.7
25.81,75.34,16276.1,13.7
25.83,75.3,16276.1,13.7
25.83,75.32,16276.1,13.7
25.8,75.28,16276.1,13.7
25.71,75.38,16276.1,13.7
25.78,75.34,16276.1,13.7
25.74,75.32,16276.1,13.7
25.76,75.36,16276.1,13.7
25.72,75.34,16276.1,13.7
25.74,75.38,16276.1,13.7
25.78,75.26,16276.1,13.7
25.74,75.34,16276.1,13.7
25.74,75.36,16276.1,13.7
25.78,75.28,16276.1,13.7
25.78,75.32,16276.1,13.7
25.72,75.36,16276.1,13.7
25.72,75.4,16276.1,13.7
25.72,75.38,16276.1,13.7
25.78,75.3,16276.1,13.7
25.3314,74.495,1534.2,13.3
25.3314,74.419,1534.2,13.3
25.3314,74.439,1534.2,13.3
25.3314,74.459,1534.2,13.3
25.3314,74.479,1534.2,13.3
25.3494,74.479,1534.2,13.3
25.3494,74.439,1534.2,13.3
25.3494,74.419,1534.2,13.3
25.3494,74.495,1534.2,13.3
25.3494,74.459,1534.2,13.3
25.3675,74.479,1534.2,13.3
25.3855,74.479,1534.2,13.3
25.3855,74.495,1534.2,13.3
25.3675,74.495,1534.2,13.3
25.3133,74.399,1534.2,13.3
25.3133,74.419,1534.2,13.3
25.331,74.51,1534.2,13.3
25.349,74.51,1534.2,13.3
25.349,74.53,1534.2,13.3
25.349,74.55,1534.2,13.3
25.367,74.51,1534.2,13.3
25.367,74.53,1534.2,13.3
25.367,74.55,1534.2,13.3
25.385,74.55,1534.2,13.3
25.28,75.07,12087.0,13.0
25.23,75.09,12087.0,13.0
25.23,75.07,12087.0,13.0
25.25,75.03,12087.0,13.0
25.25,75.05,12087.0,13.0
25.25,75.07,12087.0,13.0
25.28,75.03,12087.0,13.0
25.28,75.05,12087.0,13.0
25.26,75.07,12087.0,13.0
25.26,75.05,12087.0,13.0
25.26,75.03,12087.0,13.0
25.045,74.38,2261.1,12.9
25.063,74.26,2261.1,12.9
25.063,74.34,2261.1,12.9
25.063,74.28,2261.1,12.9
25.063,74.3,2261.1,12.9
25.063,74.32,2261.1,12.9
25.0811,74.32,2261.1,12.9
25.063,74.36,2261.1,12.9
25.0992,74.2428,2261.1,12.9
25.0811,74.26,2261.1,12.9
25.0811,74.28,2261.1,12.9
25.0811,74.3,2261.1,12.9
25.045,74.34,2261.1,12.9
25.0811,74.34,2261.1,12.9
25.0811,74.36,2261.1,12.9
25.045,74.36,2261.1,12.9
25.0269,74.34,2261.1,12.9
25.045,74.32,2261.1,12.9
25.0269,74.28,2261.1,12.9
25.0088,74.26,2261.1,12.9
25.0088,74.28,2261.1,12.9
25.0088,74.3,2261.1,12.9
25.0088,74.32,2261.1,12.9
25.0088,74.36,2261.1,12.9
25.0269,74.26,2261.1,12.9
25.0269,74.3,2261.1,12.9
25.045,74.3,2261.1,12.9
25.0269,74.32,2261.1,12.9
25.0991,74.28,2261.1,12.9
25.0269,74.36,2261.1,12.9
25.0269,74.38,2261.1,12.9
25.045,74.26,2261.1,12.9
25.045,74.28,2261.1,12.9
25.0811,74.2428,2261.1,12.9
25.0991,74.26,2261.1,12.9
25.0269,74.2428,2261.1,12.9
25.0089,74.2078,2261.1,12.9
25.063,74.2428,2261.1,12.9
25.045,74.2428,2261.1,12.9
25.0089,74.2275,2261.1,12.9
25.0089,74.2428,2261.1,12.9
25.0269,74.2275,2261.1,12.9
25.33,75.07,12395.2,12.6
25.31,75.13,12395.2,12.6
25.31,75.07,12395.2,12.6
25.3,75.09,12395.2,12.6
25.3,75.07,12395.2,12.6
25.33,75.09,12395.2,12.6
25.31,75.09,12395.2,12.6
25.33,75.11,12395.2,12.6
25.33,75.13,12395.2,12.6
25.33,75.15,12395.2,12.6
25.35,75.09,12395.2,12.6
25.35,75.11,12395.2,12.6
25.35,75.13,12395.2,12.6
25.31,75.11,12395.2,12.6
25.8494,74.6702,1115.1,10.5
25.8494,74.6902,1115.1,10.5
25.8494,74.7102,1115.1,10.5
25.8133,74.6301,1115.1,10.5
25.8675,74.6502,1115.1,10.5
25.8675,74.6101,1115.1,10.5
25.8675,74.6301,1115.1,10.5
25.8133,74.6502,1115.1,10.5
25.8133,74.6101,1115.1,10.5
25.8133,74.5901,1115.1,10.5
25.8133,74.5701,1115.1,10.5
25.7952,74.7102,1115.1,10.5
25.7952,74.6902,1115.1,10.5
25.7952,74.6702,1115.1,10.5
25.7952,74.6502,1115.1,10.5
25.7771,74.6902,1115.1,10.5
25.8494,74.6502,1115.1,10.5
25.7771,74.6702,1115.1,10.5
25.8133,74.6702,1115.1,10.5
25.8494,74.5701,1115.1,10.5
25.8314,74.6702,1115.1,10.5
25.8314,74.6502,1115.1,10.5
25.8314,74.6301,1115.1,10.5
25.8314,74.6101,1115.1,10.5
25.8314,74.5901,1115.1,10.5
25.8314,74.7102,1115.1,10.5
25.8494,74.5901,1115.1,10.5
25.8133,74.6902,1115.1,10.5
25.8494,74.6301,1115.1,10.5
25.8314,74.5701,1115.1,10.5
25.8314,74.5501,1115.1,10.5
25.8133,74.7302,1115.1,10.5
25.8314,74.6902,1115.1,10.5
25.8133,74.7102,1115.1,10.5
25.759,74.6702,1115.1,10.5
25.8494,74.6101,1115.1,10.5
25.3494,74.379,1272.9,7.9
25.3314,74.3,1272.9,7.9
25.2764,74.32,1272.9,7.9
25.2953,74.28,1272.9,7.9
25.2953,74.3,1272.9,7.9
25.2953,74.32,1272.9,7.9
25.2953,74.339,1272.9,7.9
25.2953,74.359,1272.9,7.9
25.2953,74.379,1272.9,7.9
25.3133,74.28,1272.9,7.9
25.3133,74.32,1272.9,7.9
25.3133,74.339,1272.9,7.9
25.3133,74.359,1272.9,7.9
25.3133,74.379,1272.9,7.9
25.3133,74.3,1272.9,7.9
25.3494,74.339,1272.9,7.9
25.3675,74.419,1272.9,7.9
25.3494,74.399,1272.9,7.9
25.3494,74.32,1272.9,7.9
25.3494,74.359,1272.9,7.9
25.3314,74.399,1272.9,7.9
25.3314,74.379,1272.9,7.9
25.3675,74.399,1272.9,7.9
25.3675,74.439,1272.9,7.9
25.3314,74.359,1272.9,7.9
25.3314,74.339,1272.9,7.9
25.3314,74.32,1272.9,7.9
25.045,74.1486,1386.6,7.6
25.0269,74.1486,1386.6,7.6
25.045,74.1683,1386.6,7.6
25.045,74.1289,1386.6,7.6
25.0269,74.2078,1386.6,7.6
25.0269,74.188,1386.6,7.6
25.0269,74.1683,1386.6,7.6
25.0089,74.0694,1386.6,7.6
25.0269,74.1289,1386.6,7.6
25.0089,74.188,1386.6,7.6
25.0089,74.1683,1386.6,7.6
25.0089,74.1486,1386.6,7.6
25.0089,74.1092,1386.6,7.6
25.0089,74.1289,1386.6,7.6
25.045,74.2078,1386.6,7.6
25.045,74.188,1386.6,7.6
25.045,74.2275,1386.6,7.6
25.063,74.1683,1386.6,7.6
25.063,74.1486,1386.6,7.6
25.0811,74.1486,1386.6,7.6
25.9215,74.8793,2774.8,5.7
25.8854,74.8793,2774.8,5.7
25.8674,74.9931,2774.8,5.7
25.8674,74.9787,2774.8,5.7
25.9396,74.9191,2774.8,5.7
25.9396,74.9389,2774.8,5.7
25.9396,74.9588,2774.8,5.7
25.9576,74.8793,2774.8,5.7
25.8674,74.9588,2774.8,5.7
25.9576,74.8992,2774.8,5.7
25.8674,74.9389,2774.8,5.7
25.8674,74.9191,2774.8,5.7
25.8674,74.8992,2774.8,5.7
25.8674,74.8793,2774.8,5.7
25.8674,74.8594,2774.8,5.7
25.8493,74.9931,2774.8,5.7
25.8493,74.9787,2774.8,5.7
25.8493,74.9588,2774.8,5.7
25.8493,74.9389,2774.8,5.7
25.9576,74.9191,2774.8,5.7
25.8854,74.8594,2774.8,5.7
25.8854,74.9191,2774.8,5.7
25.8854,74.8992,2774.8,5.7
25.8313,74.9787,2774.8,5.7
25.9215,74.8992,2774.8,5.7
25.9215,74.9191,2774.8,5.7
25.9215,74.9389,2774.8,5.7
25.9215,74.9588,2774.8,5.7
25.9215,74.9787,2774.8,5.7
25.9035,74.9787,2774.8,5.7
25.9035,74.9588,2774.8,5.7
25.9396,74.8793,2774.8,5.7
25.9035,74.9389,2774.8,5.7
25.9035,74.9191,2774.8,5.7
25.9035,74.8992,2774.8,5.7
25.9035,74.8793,2774.8,5.7
25.8854,74.9931,2774.8,5.7
25.9757,74.8992,2774.8,5.7
25.9757,74.8793,2774.8,5.7
25.9396,74.8992,2774.8,5.7
25.8854,74.9787,2774.8,5.7
25.8854,74.9588,2774.8,5.7
25.8854,74.9389,2774.8,5.7
25.8493,74.9191,2774.8,5.7
25.0091,74.76,6683.5,4.0
25.045,74.6281,6683.5,4.0
25.0631,74.6281,6683.5,4.0
25.045,74.7069,6683.5,4.0
25.045,74.6872,6683.5,4.0
25.045,74.6675,6683.5,4.0
25.045,74.6478,6683.5,4.0
25.0089,74.7069,6683.5,4.0
25.045,74.6083,6683.5,4.0
25.045,74.5886,6683.5,4.0
25.045,74.5689,6683.5,4.0
25.0089,74.7269,6683.5,4.0
25.0269,74.7269,6683.5,4.0
25.0269,74.7069,6683.5,4.0
25.0269,74.6872,6683.5,4.0
25.0269,74.6675,6683.5,4.0
25.0269,74.6478,6683.5,4.0
25.0089,74.6478,6683.5,4.0
25.0269,74.6281,6683.5,4.0
25.0089,74.6281,6683.5,4.0
25.0269,74.6083,6683.5,4.0
25.0269,74.5886,6683.5,4.0
25.0631,74.6083,6683.5,4.0
25.0089,74.7467,6683.5,4.0
25.0811,74.6478,6683.5,4.0
25.0089,74.6872,6683.5,4.0
25.0631,74.6478,6683.5,4.0
25.0089,74.6675,6683.5,4.0
25.0631,74.6675,6683.5,4.0
25.0631,74.6872,6683.5,4.0
25.0631,74.7069,6683.5,4.0
25.0811,74.6872,6683.5,4.0
25.0811,74.6281,6683.5,4.0
25.0811,74.6675,6683.5,4.0
25.0632,74.76,6759.1,3.9
25.0271,74.76,6759.1,3.9
25.0271,74.7798,6759.1,3.9
25.0811,74.7467,6759.1,3.9
25.0811,74.7269,6759.1,3.9
25.0811,74.7069,6759.1,3.9
25.045,74.7269,6759.1,3.9
25.0632,74.7798,6759.1,3.9
25.0269,74.7467,6759.1,3.9
25.0451,74.76,6759.1,3.9
25.0451,74.7798,6759.1,3.9
25.0631,74.7467,6759.1,3.9
25.0631,74.7269,6759.1,3.9
25.0813,74.76,6759.1,3.9
25.045,74.7467,6759.1,3.9
25.0091,74.7798,6759.1,3.9
25.0993,74.7996,7239.9,3.6
25.0993,74.7798,7239.9,3.6
25.1354,74.8393,7628.2,3.5
25.1354,74.8195,7628.2,3.5
25.1354,74.7996,7628.2,3.5
25.1354,74.7799,7628.2,3.5
25.1535,74.76,7628.2,3.5
25.1533,74.7269,7628.2,3.5
25.1354,74.76,7628.2,3.5
25.1174,74.8393,7628.2,3.5
25.1174,74.8195,7628.2,3.5
25.1174,74.7996,7628.2,3.5
25.1173,74.76,7628.2,3.5
25.0994,74.8195,7628.2,3.5
25.1535,74.7996,7628.2,3.5
25.1353,74.7467,7628.2,3.5
25.1172,74.7467,7628.2,3.5
25.1353,74.7269,7628.2,3.5
25.1535,74.7799,7628.2,3.5
25.1535,74.8195,7628.2,3.5
25.1533,74.7467,7628.2,3.5
25.1535,74.8393,7628.2,3.5
25.2077,74.76,7628.2,3.5
25.2077,74.7799,7628.2,3.5
25.1896,74.8592,7628.2,3.5
25.1896,74.8394,7628.2,3.5
25.1896,74.8195,7628.2,3.5
25.1896,74.7996,7628.2,3.5
25.1896,74.7799,7628.2,3.5
25.1896,74.76,7628.2,3.5
25.2077,74.7996,7628.2,3.5
25.2077,74.8195,7628.2,3.5
25.2077,74.8394,7628.2,3.5
25.1533,74.7069,7628.2,3.5
25.1894,74.7467,7628.2,3.5
25.1716,74.8592,7628.2,3.5
25.1716,74.8394,7628.2,3.5
25.1716,74.8195,7628.2,3.5
25.1535,74.8592,7628.2,3.5
25.1714,74.6872,7628.2,3.5
25.1714,74.7069,7628.2,3.5
25.1714,74.7269,7628.2,3.5
25.1714,74.7467,7628.2,3.5
25.1894,74.6675,7628.2,3.5
25.1894,74.6872,7628.2,3.5
25.1716,74.76,7628.2,3.5
25.1716,74.7799,7628.2,3.5
25.1716,74.7996,7628.2,3.5
25.1894,74.7069,7628.2,3.5
25.1894,74.7269,7628.2,3.5
25.2077,74.9387,8062.8,3.3
25.2076,74.9783,8062.8,3.3
25.2076,74.9941,8062.8,3.3
25.2258,74.9585,8062.8,3.3
25.2258,74.8592,8062.8,3.3
25.2258,74.8791,8062.8,3.3
25.2258,74.899,8062.8,3.3
25.2258,74.9188,8062.8,3.3
25.2258,74.9387,8062.8,3.3
25.2077,74.899,8062.8,3.3
25.2258,74.9783,8062.8,3.3
25.2258,74.9941,8062.8,3.3
25.2077,74.9188,8062.8,3.3
25.1896,74.9584,8062.8,3.3
25.2077,74.8791,8062.8,3.3
25.1716,74.9188,8062.8,3.3
25.1354,74.9782,8062.8,3.3
25.1535,74.9188,8062.8,3.3
25.1535,74.9386,8062.8,3.3
25.1354,74.9188,8062.8,3.3
25.1535,74.9584,8062.8,3.3
25.1535,74.9782,8062.8,3.3
25.1174,74.994,8062.8,3.3
25.1174,74.9782,8062.8,3.3
25.1716,74.8989,8062.8,3.3
25.1716,74.9386,8062.8,3.3
25.2077,74.8592,8062.8,3.3
25.1716,74.9584,8062.8,3.3
25.1716,74.9783,8062.8,3.3
25.1716,74.9941,8062.8,3.3
25.1896,74.8791,8062.8,3.3
25.1896,74.899,8062.8,3.3
25.1896,74.9188,8062.8,3.3
25.1896,74.9386,8062.8,3.3
25.1896,74.9783,8062.8,3.3
25.1896,74.9941,8062.8,3.3
25.2077,74.9585,8062.8,3.3
25.1535,74.9941,8062.8,3.3
25.23,75.01,8062.8,3.3
25.21,75.01,8062.8,3.3
25.23,75.05,8417.0,3.1
25.71,75.42,176.5,0.0
25.1,75.21,102.0,0.0
25.74,75.4,176.5,0.0
25.72,75.49,182.4,0.0
25.72,75.48,182.4,0.0
25.72,75.46,182.4,0.0
25.72,75.44,176.5,0.0
25.72,75.42,176.5,0.0
25.71,75.49,182.4,0.0
25.71,75.48,182.4,0.0
25.71,75.46,182.4,0.0
25.71,75.44,182.4,0.0
25.25,75.24,127.4,0.0
25.1,75.19,102.0,0.0
25.1,75.24,174.5,0.0
25.69,75.49,182.4,0.0
25.69,75.48,182.4,0.0
25.69,75.46,182.4,0.0
25.12,75.01,138.4,0.0
25.12,75.03,150.9,0.0
25.12,75.05,150.9,0.0
25.69,75.44,182.4,0.0
25.69,75.42,182.4,0.0
25.69,75.4,182.4,0.0
25.67,75.49,182.4,0.0
25.67,75.48,182.4,0.0
25.1,75.23,174.5,0.0
25.1,75.17,150.9,0.0
25.1,75.15,150.9,0.0
25.1,75.09,150.9,0.0
25.26,75.38,144.1,0.0
25.1,75.03,150.9,0.0
25.26,75.36,191.9,0.0
25.1,75.05,150.9,0.0
25.1,75.07,150.9,0.0
25.26,75.34,191.9,0.0
25.1533,74.6083,198.8,0.0
25.1533,74.6281,198.8,0.0
25.1533,74.6478,198.8,0.0
25.1533,74.6675,198.8,0.0
25.1533,74.6872,198.8,0.0
25.1,75.11,150.9,0.0
25.1714,74.6675,198.8,0.0
25.1,75.13,150.9,0.0
25.26,75.32,191.9,0.0
25.26,75.3,191.9,0.0
25.26,75.28,191.9,0.0
25.26,75.26,191.9,0.0
25.74,75.49,182.4,0.0
25.74,75.48,182.4,0.0
25.74,75.46,176.5,0.0
25.74,75.44,176.5,0.0
25.74,75.42,176.5,0.0
25.1714,74.6478,198.8,0.0
25.67,75.46,182.4,0.0
25.67,75.44,182.4,0.0
25.26,75.42,365.5,0.0
25.67,75.42,182.4,0.0
25.6,75.46,103.8,0.0
25.6,75.44,103.8,0.0
25.6,75.42,103.8,0.0
25.6,75.4,103.8,0.0
25.6,75.38,103.8,0.0
25.6,75.36,103.8,0.0
25.6,75.34,703.8,0.0
25.58,75.49,1166.0,0.0
25.58,75.48,103.8,0.0
25.58,75.46,103.8,0.0
25.58,75.44,103.8,0.0
25.58,75.42,103.8,0.0
25.58,75.4,103.8,0.0
25.58,75.38,103.8,0.0
25.58,75.36,703.8,0.0
25.58,75.34,703.8,0.0
25.58,75.32,703.8,0.0
25.56,75.49,1166.0,0.0
25.56,75.48,103.8,0.0
25.56,75.46,103.8,0.0
25.56,75.44,103.8,0.0
25.56,75.42,103.8,0.0
25.56,75.4,103.8,0.0
25.56,75.38,103.8,0.0
25.56,75.36,703.8,0.0
25.6,75.48,1166.0,0.0
25.6,75.49,1166.0,0.0
25.62,75.36,103.8,0.0
25.64,75.48,1166.0,0.0
25.67,75.4,182.4,0.0
25.67,75.38,182.4,0.0
25.65,75.49,182.4,0.0
25.65,75.48,182.4,0.0
25.65,75.46,182.4,0.0
25.65,75.44,182.4,0.0
25.65,75.42,182.4,0.0
25.65,75.4,182.4,0.0
25.65,75.38,182.4,0.0
25.65,75.36,182.4,0.0
25.64,75.49,1166.0,0.0
25.64,75.46,182.4,0.0
25.62,75.38,182.4,0.0
25.64,75.44,182.4,0.0
25.64,75.42,182.4,0.0
25.64,75.4,182.4,0.0
25.64,75.38,182.4,0.0
25.64,75.36,182.4,0.0
25.62,75.49,1166.0,0.0
25.62,75.48,1166.0,0.0
25.62,75.46,1166.0,0.0
25.62,75.44,182.4,0.0
25.62,75.42,182.4,0.0
25.62,75.4,182.4,0.0
25.26,75.4,365.5,0.0
25.26,75.46,365.5,0.0
25.26,75.44,365.5,0.0
25.56,75.32,703.8,0.0
25.31,75.28,191.9,0.0
25.03,75.05,338.0,0.0
25.03,75.07,338.0,0.0
25.03,75.09,338.0,0.0
25.03,75.11,338.0,0.0
25.03,75.13,461.0,0.0
25.03,75.15,461.0,0.0
25.31,75.26,191.9,0.0
25.3,75.49,365.5,0.0
25.3,75.48,281.1,0.0
25.3,75.46,281.1,0.0
25.3,75.44,144.1,0.0
25.3,75.42,144.1,0.0
25.3,75.4,144.1,0.0
25.03,75.17,461.0,0.0
25.03,75.19,461.0,0.0
25.03,75.21,607.0,0.0
25.03,75.23,607.0,0.0
25.03,75.24,607.0,0.0
25.05,75.01,138.4,0.0
25.05,75.03,150.9,0.0
25.05,75.05,150.9,0.0
25.05,75.07,150.9,0.0
25.05,75.09,150.9,0.0
25.05,75.11,150.9,0.0
25.31,75.3,332.9,0.0
25.31,75.32,332.9,0.0
25.31,75.34,332.9,0.0
25.01,75.01,164.1,0.0
25.48,75.01,305.7,0.0
25.48,75.03,408.4,0.0
25.49,75.01,305.7,0.0
25.1353,74.6872,198.8,0.0
25.1353,74.7069,198.8,0.0
25.49,75.03,129.0,0.0
25.31,75.49,281.1,0.0
25.31,75.48,281.1,0.0
25.31,75.46,281.1,0.0
25.31,75.44,144.1,0.0
25.31,75.42,144.1,0.0
25.01,75.03,338.0,0.0
25.31,75.36,144.1,0.0
25.01,75.05,338.0,0.0
25.01,75.07,338.0,0.0
25.01,75.09,338.0,0.0
25.01,75.19,461.0,0.0
25.01,75.21,607.0,0.0
25.01,75.23,607.0,0.0
25.01,75.24,607.0,0.0
25.03,75.01,164.1,0.0
25.03,75.03,338.0,0.0
25.31,75.4,144.1,0.0
25.31,75.38,144.1,0.0
25.05,75.13,461.0,0.0
25.05,75.15,461.0,0.0
25.3,75.38,144.1,0.0
25.28,75.34,332.9,0.0
25.28,75.42,144.1,0.0
25.28,75.4,144.1,0.0
25.28,75.38,144.1,0.0
25.08,75.03,150.9,0.0
25.08,75.05,150.9,0.0
25.08,75.07,150.9,0.0
25.08,75.09,150.9,0.0
25.08,75.11,150.9,0.0
25.08,75.13,150.9,0.0
25.08,75.15,150.9,0.0
25.28,75.36,144.1,0.0
25.08,75.17,150.9,0.0
25.28,75.44,144.1,0.0
25.08,75.19,150.9,0.0
25.28,75.32,191.9,0.0
25.28,75.3,191.9,0.0
25.28,75.28,191.9,0.0
25.28,75.26,191.9,0.0
25.08,75.21,150.9,0.0
25.08,75.23,174.5,0.0
25.08,75.24,174.5,0.0
25.1,75.01,150.9,0.0
25.26,75.49,365.5,0.0
25.26,75.48,365.5,0.0
25.08,75.01,138.4,0.0
25.06,75.24,174.5,0.0
25.3,75.36,144.1,0.0
25.06,75.05,150.9,0.0
25.3,75.34,332.9,0.0
25.3,75.32,332.9,0.0
25.3,75.3,191.9,0.0
25.3,75.28,191.9,0.0
25.05,75.17,461.0,0.0
25.05,75.19,150.9,0.0
25.05,75.21,174.5,0.0
25.05,75.23,174.5,0.0
25.05,75.24,174.5,0.0
25.06,75.01,138.4,0.0
25.06,75.03,150.9,0.0
25.3,75.26,191.9,0.0
25.06,75.23,174.5,0.0
25.28,75.49,365.5,0.0
25.28,75.48,365.5,0.0
25.28,75.46,365.5,0.0
25.06,75.07,150.9,0.0
25.06,75.09,150.9,0.0
25.06,75.11,150.9,0.0
25.06,75.13,150.9,0.0
25.06,75.15,461.0,0.0
25.06,75.17,150.9,0.0
25.06,75.19,150.9,0.0
25.06,75.21,174.5,0.0
25.56,75.34,703.8,0.0
25.55,75.48,103.8,0.0
25.55,75.49,103.8,0.0
25.17,75.15,102.0,0.0
25.8674,74.8395,111.5,0.0
25.5269,74.9389,305.7,0.0
25.5269,74.9191,305.7,0.0
25.21,75.05,348.8,0.0
25.21,75.07,348.8,0.0
25.21,75.09,348.8,0.0
25.21,75.11,348.8,0.0
25.21,75.13,348.8,0.0
25.21,75.15,252.9,0.0
25.21,75.17,252.9,0.0
25.21,75.19,127.4,0.0
25.5089,74.9931,305.7,0.0
25.5089,74.9787,305.7,0.0
25.8854,74.7599,111.5,0.0
25.8854,74.7798,111.5,0.0
25.8854,74.7997,2617.2,0.0
25.8854,74.8196,2617.2,0.0
25.8854,74.8395,2617.2,0.0
25.5089,74.9588,305.7,0.0
25.5089,74.9389,305.7,0.0
25.5089,74.9191,305.7,0.0
25.5089,74.8992,305.7,0.0
25.5089,74.8793,305.7,0.0
25.21,75.21,127.4,0.0
25.21,75.23,127.4,0.0
25.8674,74.8196,2617.2,0.0
25.5269,74.9588,305.7,0.0
25.5269,74.9787,305.7,0.0
25.545,74.9588,129.0,0.0
25.17,75.19,127.4,0.0
25.17,75.21,127.4,0.0
25.17,75.23,127.4,0.0
25.17,75.24,127.4,0.0
25.19,75.01,348.8,0.0
25.19,75.03,348.8,0.0
25.19,75.05,348.8,0.0
25.19,75.07,348.8,0.0
25.19,75.09,348.8,0.0
25.545,74.9931,129.0,0.0
25.545,74.9787,129.0,0.0
25.19,75.11,348.8,0.0
25.5269,74.9931,129.0,0.0
25.19,75.13,102.0,0.0
25.19,75.15,102.0,0.0
25.19,75.17,102.0,0.0
25.19,75.19,102.0,0.0
25.19,75.21,127.4,0.0
25.8674,74.7599,111.5,0.0
25.8674,74.7798,111.5,0.0
25.8674,74.7997,111.5,0.0
25.19,75.23,127.4,0.0
25.19,75.24,127.4,0.0
25.21,75.03,348.8,0.0
25.21,75.24,127.4,0.0
25.23,75.03,348.8,0.0
25.9035,74.7599,2617.2,0.0
25.9757,74.7997,2617.2,0.0
25.25,75.13,252.9,0.0
25.9396,74.7798,2617.2,0.0
25.9396,74.7997,2617.2,0.0
25.25,75.15,252.9,0.0
25.9396,74.8196,2617.2,0.0
25.9396,74.8395,2617.2,0.0
25.9396,74.8594,2617.2,0.0
25.25,75.17,252.9,0.0
25.9757,74.8594,2617.2,0.0
25.9757,74.8395,2617.2,0.0
25.9757,74.8196,2617.2,0.0
25.76,75.42,176.5,0.0
25.76,75.44,176.5,0.0
25.9757,74.7798,2617.2,0.0
25.9757,74.7599,2617.2,0.0
25.76,75.4,176.5,0.0
25.9576,74.7599,2617.2,0.0
25.9576,74.7798,2617.2,0.0
25.9576,74.7997,2617.2,0.0
25.9576,74.8196,2617.2,0.0
25.9576,74.8395,2617.2,0.0
25.9576,74.8594,2617.2,0.0
25.25,75.19,252.9,0.0
25.25,75.21,127.4,0.0
25.9396,74.7599,2617.2,0.0
25.25,75.11,252.9,0.0
25.9035,74.7798,2617.2,0.0
25.76,75.46,176.5,0.0
25.9035,74.7997,2617.2,0.0
25.9035,74.8196,2617.2,0.0
25.9035,74.8395,2617.2,0.0
25.9035,74.8594,2617.2,0.0
25.23,75.11,252.9,0.0
25.23,75.13,252.9,0.0
25.23,75.15,252.9,0.0
25.23,75.17,252.9,0.0
25.23,75.19,127.4,0.0
25.23,75.21,127.4,0.0
25.23,75.23,127.4,0.0
25.9215,74.7599,2617.2,0.0
25.25,75.09,252.9,0.0
25.9215,74.7798,2617.2,0.0
25.9215,74.7997,2617.2,0.0
25.23,75.24,127.4,0.0
25.9937,74.8395,190.8,0.0
25.9215,74.8196,2617.2,0.0
25.9215,74.8395,2617.2,0.0
25.9215,74.8594,2617.2,0.0
25.9937,74.8196,190.8,0.0
25.9937,74.7997,190.8,0.0
25.9937,74.7798,190.8,0.0
25.9937,74.7599,190.8,0.0
25.17,75.17,102.0,0.0
25.563,74.9787,129.0,0.0
25.25,75.23,127.4,0.0
25.563,74.9931,129.0,0.0
25.51,75.34,703.8,0.0
25.51,75.32,703.8,0.0
25.51,75.3,703.8,0.0
25.51,75.28,107.0,0.0
25.94,75.28,100.6,0.0
25.94,75.26,100.6,0.0
25.92,75.28,100.6,0.0
25.92,75.26,100.6,0.0
25.9,75.28,100.6,0.0
25.9,75.26,100.6,0.0
25.89,75.28,100.6,0.0
25.89,75.26,100.6,0.0
25.85,75.49,176.5,0.0
25.83,75.49,176.5,0.0
25.83,75.48,176.5,0.0
25.83,75.46,176.5,0.0
25.83,75.44,176.5,0.0
25.8313,74.8594,111.5,0.0
25.81,75.49,176.5,0.0
25.81,75.48,176.5,0.0
25.81,75.46,176.5,0.0
25.8313,74.8793,111.5,0.0
25.81,75.44,176.5,0.0
25.8,75.49,176.5,0.0
25.8,75.48,176.5,0.0
25.51,75.36,703.8,0.0
25.51,75.38,703.8,0.0
25.51,75.4,832.1,0.0
25.53,75.46,832.1,0.0
25.55,75.46,103.8,0.0
25.55,75.44,103.8,0.0
25.55,75.42,103.8,0.0
25.55,75.4,103.8,0.0
25.55,75.38,703.8,0.0
25.55,75.36,703.8,0.0
25.55,75.34,703.8,0.0
25.55,75.32,703.8,0.0
25.55,75.3,703.8,0.0
25.53,75.49,103.8,0.0
25.53,75.48,103.8,0.0
25.53,75.44,832.1,0.0
25.51,75.42,832.1,0.0
25.53,75.42,832.1,0.0
25.53,75.4,832.1,0.0
25.53,75.38,703.8,0.0
25.53,75.36,703.8,0.0
25.53,75.34,703.8,0.0
25.53,75.32,703.8,0.0
25.53,75.3,703.8,0.0
25.51,75.49,832.1,0.0
25.51,75.48,832.1,0.0
25.51,75.46,832.1,0.0
25.51,75.44,832.1,0.0
25.8,75.46,176.5,0.0
25.12,75.07,150.9,0.0
25.8,75.44,176.5,0.0
25.5811,74.9931,129.0,0.0
25.14,75.21,127.4,0.0
25.14,75.23,127.4,0.0
25.14,75.24,127.4,0.0
25.15,75.01,348.8,0.0
25.15,75.03,348.8,0.0
25.15,75.05,348.8,0.0
25.15,75.07,348.8,0.0
25.15,75.09,102.0,0.0
25.15,75.11,102.0,0.0
25.15,75.13,102.0,0.0
25.15,75.15,102.0,0.0
25.15,75.17,102.0,0.0
25.14,75.17,102.0,0.0
25.15,75.19,127.4,0.0
25.15,75.21,127.4,0.0
25.15,75.23,127.4,0.0
25.15,75.24,127.4,0.0
25.17,75.01,348.8,0.0
25.17,75.03,348.8,0.0
25.17,75.05,348.8,0.0
25.17,75.07,348.8,0.0
25.17,75.09,348.8,0.0
25.17,75.11,102.0,0.0
25.17,75.13,102.0,0.0
25.14,75.19,102.0,0.0
25.14,75.15,102.0,0.0
25.78,75.49,176.5,0.0
25.12,75.23,127.4,0.0
25.78,75.48,176.5,0.0
25.78,75.46,176.5,0.0
25.78,75.44,176.5,0.0
25.78,75.42,176.5,0.0
25.78,75.4,176.5,0.0
25.12,75.09,150.9,0.0
25.12,75.11,150.9,0.0
25.12,75.13,102.0,0.0
25.12,75.15,102.0,0.0
25.12,75.17,102.0,0.0
25.12,75.21,127.4,0.0
25.12,75.24,127.4,0.0
25.14,75.13,102.0,0.0
25.8493,74.8196,111.5,0.0
25.8493,74.8395,111.5,0.0
25.8493,74.8594,111.5,0.0
25.76,75.49,176.5,0.0
25.76,75.48,176.5,0.0
25.14,75.01,348.8,0.0
25.14,75.03,348.8,0.0
25.14,75.05,150.9,0.0
25.14,75.07,348.8,0.0
25.14,75.09,102.0,0.0
25.14,75.11,102.0,0.0
26.2076,75.4,841.5,0.0
25.1172,74.7069,198.8,0.0
25.33,75.26,191.9,0.0
25.65,75.55,494.4,0.0
25.64,75.51,1166.0,0.0
25.64,75.53,494.4,0.0
25.64,75.55,494.4,0.0
25.64,75.57,494.4,0.0
25.64,75.59,1166.0,0.0
25.65,75.51,1166.0,0.0
25.65,75.53,494.4,0.0
25.65,75.57,494.4,0.0
25.62,75.57,1166.0,0.0
25.65,75.59,494.4,0.0
25.67,75.51,182.4,0.0
25.67,75.53,182.4,0.0
25.67,75.55,494.4,0.0
25.67,75.57,494.4,0.0
25.67,75.59,494.4,0.0
25.69,75.51,182.4,0.0
25.62,75.59,1166.0,0.0
25.62,75.55,1166.0,0.0
25.69,75.55,317.1,0.0
25.58,75.55,1166.0,0.0
25.56,75.51,1166.0,0.0
25.56,75.53,1166.0,0.0
25.56,75.55,1166.0,0.0
25.56,75.57,1166.0,0.0
25.56,75.59,1166.0,0.0
25.58,75.51,1166.0,0.0
25.58,75.53,1166.0,0.0
25.58,75.57,1166.0,0.0
25.62,75.53,1166.0,0.0
25.58,75.59,1166.0,0.0
25.6,75.51,1166.0,0.0
25.6,75.53,1166.0,0.0
25.6,75.55,1166.0,0.0
25.6,75.57,1166.0,0.0
25.6,75.59,1166.0,0.0
25.62,75.51,1166.0,0.0
25.69,75.53,182.4,0.0
25.69,75.57,317.1,0.0
25.33,75.55,365.5,0.0
25.3,75.55,892.1,0.0
25.28,75.51,365.5,0.0
25.28,75.53,892.1,0.0
25.28,75.55,892.1,0.0
25.28,75.57,892.1,0.0
25.28,75.59,162.5,0.0
25.3,75.51,365.5,0.0
25.3,75.53,892.1,0.0
25.3,75.57,892.1,0.0
25.26,75.57,162.5,0.0
25.3,75.59,892.1,0.0
25.31,75.51,365.5,0.0
25.31,75.53,892.1,0.0
25.31,75.55,892.1,0.0
25.31,75.57,892.1,0.0
25.31,75.59,892.1,0.0
25.33,75.51,281.1,0.0
25.26,75.59,162.5,0.0
25.26,75.55,162.5,0.0
25.69,75.59,317.1,0.0
25.72,75.55,317.1,0.0
25.71,75.51,182.4,0.0
25.71,75.53,317.1,0.0
25.71,75.55,317.1,0.0
25.71,75.57,317.1,0.0
25.71,75.59,317.1,0.0
25.72,75.51,182.4,0.0
25.72,75.53,317.1,0.0
25.72,75.57,317.1,0.0
25.26,75.53,892.1,0.0
25.72,75.59,317.1,0.0
25.74,75.51,182.4,0.0
25.74,75.53,317.1,0.0
25.74,75.55,317.1,0.0
25.74,75.57,317.1,0.0
25.74,75.59,317.1,0.0
25.26,75.51,365.5,0.0
25.55,75.59,1166.0,0.0
25.55,75.57,1166.0,0.0
25.55,75.55,1166.0,0.0
25.25,75.28,191.9,0.0
25.23,75.4,365.5,0.0
25.23,75.42,365.5,0.0
25.23,75.44,365.5,0.0
25.23,75.46,365.5,0.0
25.23,75.48,365.5,0.0
25.23,75.49,365.5,0.0
25.25,75.26,191.9,0.0
25.25,75.3,191.9,0.0
25.23,75.36,144.1,0.0
25.25,75.32,191.9,0.0
25.25,75.34,191.9,0.0
25.25,75.36,191.9,0.0
25.25,75.38,144.1,0.0
25.25,75.4,365.5,0.0
25.25,75.42,365.5,0.0
25.25,75.44,365.5,0.0
25.23,75.38,144.1,0.0
25.23,75.34,144.1,0.0
25.55,75.53,1166.0,0.0
25.21,75.4,365.5,0.0
25.21,75.26,127.4,0.0
25.21,75.28,191.9,0.0
25.21,75.3,191.9,0.0
25.21,75.32,144.1,0.0
25.21,75.34,144.1,0.0
25.21,75.36,144.1,0.0
25.21,75.38,144.1,0.0
25.21,75.42,365.5,0.0
25.23,75.32,191.9,0.0
25.21,75.44,365.5,0.0
25.21,75.46,365.5,0.0
25.21,75.48,365.5,0.0
25.21,75.49,365.5,0.0
25.23,75.26,191.9,0.0
25.23,75.28,191.9,0.0
25.23,75.3,191.9,0.0
25.25,75.46,365.5,0.0
25.25,75.48,365.5,0.0
25.403,74.53,128.9,0.0
25.51,75.55,201.9,0.0
25.83,75.59,173.0,0.0
25.85,75.51,176.5,0.0
25.85,75.53,176.5,0.0
25.87,75.51,176.5,0.0
25.87,75.53,176.5,0.0
25.51,75.51,832.1,0.0
25.51,75.53,201.9,0.0
25.51,75.57,201.9,0.0
25.403,74.51,128.9,0.0
25.51,75.59,201.9,0.0
25.53,75.51,1166.0,0.0
25.53,75.53,1166.0,0.0
25.53,75.55,1166.0,0.0
25.53,75.57,201.9,0.0
25.53,75.59,201.9,0.0
25.55,75.51,1166.0,0.0
25.83,75.51,176.5,0.0
25.81,75.59,173.0,0.0
25.81,75.53,176.5,0.0
25.81,75.51,176.5,0.0
25.25,75.49,365.5,0.0
25.76,75.51,176.5,0.0
25.76,75.53,176.5,0.0
25.76,75.55,317.1,0.0
25.76,75.57,317.1,0.0
25.76,75.59,317.1,0.0
25.78,75.51,176.5,0.0
25.78,75.53,176.5,0.0
25.78,75.55,176.5,0.0
25.78,75.57,317.1,0.0
25.78,75.59,317.1,0.0
25.8,75.51,176.5,0.0
25.8,75.53,176.5,0.0
25.8,75.57,317.1,0.0
25.8,75.59,317.1,0.0
25.33,75.53,365.5,0.0
25.33,75.57,892.1,0.0
25.19,75.48,365.5,0.0
24.9423,75.0126,164.1,0.0
25.23,75.57,162.5,0.0
25.23,75.59,162.5,0.0
25.25,75.5,365.5,0.0
25.25,75.53,162.5,0.0
25.24,75.55,162.5,0.0
25.25,75.57,162.5,0.0
25.25,75.58,162.5,0.0
24.9446,75.0069,164.1,0.0
25.23,75.53,162.5,0.0
24.9644,75.0096,164.1,0.0
24.9676,75.0054,164.1,0.0
24.975,75.0212,164.1,0.0
24.9733,75.2235,607.0,0.0
24.9752,75.2438,607.0,0.0
24.9914,75.0174,164.1,0.0
24.992,75.0277,164.1,0.0
25.23,75.56,162.5,0.0
25.23,75.51,162.5,0.0
24.9857,75.2154,607.0,0.0
25.19,75.52,162.5,0.0
25.16,75.6,126.8,0.0
25.18,75.52,162.5,0.0
25.17,75.54,162.5,0.0
25.18,75.55,162.5,0.0
25.18,75.57,162.5,0.0
25.17,75.59,126.8,0.0
25.17,75.6,126.8,0.0
25.2,75.54,162.5,0.0
25.21,75.59,162.5,0.0
25.19,75.56,162.5,0.0
25.2,75.58,162.5,0.0
25.19,75.59,126.8,0.0
25.21,75.51,162.5,0.0
25.22,75.53,162.5,0.0
25.2,75.55,162.5,0.0
25.21,75.58,162.5,0.0
24.9943,75.055,338.0,0.0
24.9896,75.2187,607.0,0.0
25.33,75.59,892.1,0.0
24.962,75.5741,4919.0,0.0
24.9903,75.365,1216.3,0.0
24.9925,75.3763,1216.3,0.0
24.9917,75.4758,1371.6,0.0
24.9867,75.4954,1371.6,0.0
24.9446,75.596,4919.0,0.0
24.9634,75.5368,1371.6,0.0
24.9624,75.5465,1371.6,0.0
24.9662,75.5885,4919.0,0.0
24.9941,75.3264,900.6,0.0
24.9798,75.5104,1371.6,0.0
24.9815,75.5384,1371.6,0.0
24.9735,75.559,4919.0,0.0
24.9836,75.5651,4919.0,0.0
24.9701,75.585,4919.0,0.0
24.9888,75.5182,1371.6,0.0
24.9854,75.5323,1371.6,0.0
24.9953,75.3355,900.6,0.0
24.992,75.2978,900.6,0.0
24.9862,75.2463,607.0,0.0
24.9754,75.3566,1216.3,0.0
24.9641,75.2772,900.6,0.0
24.966,75.4565,1371.6,0.0
24.9765,75.2681,900.6,0.0
24.977,75.2795,900.6,0.0
24.9782,75.2944,900.6,0.0
24.977,75.3233,900.6,0.0
24.9739,75.3438,1216.3,0.0
24.9758,75.3802,1216.3,0.0
24.9942,75.2825,900.6,0.0
24.9736,75.4079,1216.3,0.0
24.9685,75.4109,1216.3,0.0
24.9677,75.4434,1371.6,0.0
24.9722,75.4647,1371.6,0.0
24.976,75.4732,1371.6,0.0
24.9805,75.4928,1371.6,0.0
24.9937,75.2513,607.0,0.0
25.16,75.57,126.8,0.0
25.15,75.55,162.5,0.0
25.16,75.53,162.5,0.0
25.44,75.57,281.1,0.0
25.42,75.53,281.1,0.0
25.42,75.55,281.1,0.0
25.42,75.57,281.1,0.0
25.42,75.59,892.1,0.0
25.44,75.51,201.9,0.0
25.44,75.53,201.9,0.0
25.44,75.55,201.9,0.0
25.44,75.59,892.1,0.0
25.4,75.57,281.1,0.0
25.46,75.51,201.9,0.0
25.46,75.53,201.9,0.0
25.46,75.55,201.9,0.0
25.46,75.57,201.9,0.0
25.46,75.59,201.9,0.0
25.48,75.51,201.9,0.0
25.48,75.53,201.9,0.0
25.4,75.59,892.1,0.0
25.4,75.55,281.1,0.0
25.15,75.51,162.5,0.0
25.37,75.55,281.1,0.0
25.35,75.51,281.1,0.0
25.35,75.53,281.1,0.0
25.35,75.55,365.5,0.0
25.35,75.57,365.5,0.0
25.35,75.59,892.1,0.0
25.37,75.51,281.1,0.0
25.37,75.53,281.1,0.0
25.37,75.57,281.1,0.0
25.4,75.53,281.1,0.0
25.37,75.59,892.1,0.0
25.39,75.51,281.1,0.0
25.39,75.53,281.1,0.0
25.39,75.55,281.1,0.0
25.39,75.57,281.1,0.0
25.39,75.59,892.1,0.0
25.4,75.51,281.1,0.0
25.48,75.55,201.9,0.0
25.48,75.57,201.9,0.0
25.48,75.59,201.9,0.0
25.12,75.53,126.8,0.0
25.08,75.6,149.0,0.0
25.1,75.51,323.1,0.0
25.1,75.52,323.1,0.0
25.1,75.56,126.8,0.0
25.1,75.57,126.8,0.0
25.1,75.59,149.0,0.0
25.13,75.51,162.5,0.0
25.12,75.55,126.8,0.0
25.49,75.51,201.9,0.0
25.11,75.57,126.8,0.0
25.12,75.59,126.8,0.0
25.13,75.51,162.5,0.0
25.14,75.53,162.5,0.0
25.13,75.55,126.8,0.0
25.14,75.58,126.8,0.0
25.14,75.59,126.8,0.0
25.08,75.59,149.0,0.0
25.08,75.57,149.0,0.0
25.07,75.54,323.1,0.0
25.08,75.54,323.1,0.0
25.49,75.53,201.9,0.0
25.49,75.55,201.9,0.0
25.49,75.57,201.9,0.0
25.49,75.59,201.9,0.0
25.03,75.51,323.1,0.0
25.03,75.53,323.1,0.0
25.05,75.5,323.1,0.0
25.04,75.52,323.1,0.0
25.05,75.55,323.1,0.0
25.06,75.5,323.1,0.0
25.06,75.53,323.1,0.0
25.06,75.55,323.1,0.0
25.06,75.57,323.1,0.0
25.07,75.59,149.0,0.0
25.09,75.51,323.1,0.0
25.19,75.49,365.5,0.0
25.19,75.46,365.5,0.0
25.33,75.28,191.9,0.0
25.4,75.4,607.3,0.0
25.4,75.26,332.9,0.0
25.4,75.28,332.9,0.0
25.4,75.3,332.9,0.0
25.4,75.32,332.9,0.0
25.4,75.34,607.3,0.0
25.4,75.36,607.3,0.0
25.4,75.38,607.3,0.0
25.4,75.42,607.3,0.0
25.39,75.48,281.1,0.0
25.4,75.44,832.1,0.0
25.4,75.46,281.1,0.0
25.4,75.48,281.1,0.0
25.4,75.49,281.1,0.0
25.42,75.26,332.9,0.0
25.42,75.28,332.9,0.0
25.42,75.3,332.9,0.0
25.39,75.49,281.1,0.0
25.39,75.46,281.1,0.0
25.42,75.34,607.3,0.0
25.39,75.26,332.9,0.0
25.37,75.4,607.3,0.0
25.37,75.42,607.3,0.0
25.37,75.44,144.1,0.0
25.0089,74.51,150.9,0.0
25.37,75.46,281.1,0.0
25.37,75.48,281.1,0.0
25.37,75.49,281.1,0.0
25.39,75.28,332.9,0.0
25.39,75.44,607.3,0.0
25.39,75.3,332.9,0.0
25.39,75.32,607.3,0.0
25.39,75.34,607.3,0.0
25.39,75.36,607.3,0.0
25.39,75.38,607.3,0.0
25.39,75.4,607.3,0.0
25.39,75.42,607.3,0.0
25.42,75.32,332.9,0.0
25.42,75.36,607.3,0.0
25.48,75.36,607.3,0.0
25.46,75.42,832.1,0.0
25.46,75.28,107.0,0.0
25.46,75.3,107.0,0.0
25.46,75.32,107.0,0.0
25.46,75.34,607.3,0.0
25.46,75.36,607.3,0.0
25.46,75.38,607.3,0.0
25.46,75.4,607.3,0.0
25.46,75.44,832.1,0.0
25.44,75.49,201.9,0.0
25.46,75.46,832.1,0.0
25.46,75.48,832.1,0.0
25.46,75.49,832.1,0.0
25.48,75.26,107.0,0.0
25.48,75.28,107.0,0.0
25.48,75.3,107.0,0.0
25.48,75.32,107.0,0.0
25.46,75.26,107.0,0.0
25.44,75.48,832.1,0.0
25.42,75.38,607.3,0.0
25.44,75.28,107.0,0.0
25.42,75.4,607.3,0.0
25.42,75.42,607.3,0.0
25.42,75.44,832.1,0.0
25.42,75.46,832.1,0.0
25.42,75.48,281.1,0.0
25.42,75.49,281.1,0.0
25.44,75.26,107.0,0.0
25.44,75.3,332.9,0.0
25.44,75.46,832.1,0.0
25.44,75.32,332.9,0.0
25.44,75.34,607.3,0.0
25.44,75.36,607.3,0.0
25.44,75.38,607.3,0.0
25.44,75.4,607.3,0.0
25.44,75.42,832.1,0.0
25.44,75.44,832.1,0.0
25.37,75.38,607.3,0.0
25.37,75.36,607.3,0.0
25.37,75.34,607.3,0.0
25.35,75.28,332.9,0.0
25.1172,74.6083,198.8,0.0
25.1172,74.5886,198.8,0.0
25.1172,74.5689,198.8,0.0
25.33,75.46,144.1,0.0
25.33,75.48,281.1,0.0
25.33,75.49,281.1,0.0
25.35,75.26,191.9,0.0
25.0992,74.7467,198.8,0.0
25.1172,74.6478,198.8,0.0
25.0992,74.7269,198.8,0.0
25.0992,74.7069,198.8,0.0
25.0992,74.6872,198.8,0.0
25.0992,74.6675,198.8,0.0
25.0992,74.6478,198.8,0.0
25.0992,74.6281,198.8,0.0
25.0992,74.6083,198.8,0.0
25.1172,74.6281,198.8,0.0
25.1172,74.6675,198.8,0.0
25.37,75.32,332.9,0.0
25.1353,74.5886,198.8,0.0
25.33,75.3,332.9,0.0
25.33,75.32,332.9,0.0
25.33,75.34,607.3,0.0
25.1353,74.6675,198.8,0.0
25.1353,74.6478,198.8,0.0
25.1353,74.6281,198.8,0.0
25.1353,74.6083,198.8,0.0
25.1353,74.5689,198.8,0.0
25.1172,74.6872,198.8,0.0
25.33,75.36,607.3,0.0
25.33,75.38,607.3,0.0
25.33,75.4,144.1,0.0
25.33,75.42,144.1,0.0
25.33,75.44,144.1,0.0
25.1172,74.7269,198.8,0.0
25.46,75.23,107.0,0.0
25.0992,74.5886,198.8,0.0
25.0992,74.5689,198.8,0.0
25.0992,74.5492,198.8,0.0
25.35,75.49,281.1,0.0
25.0269,74.5492,150.9,0.0
25.0269,74.5294,150.9,0.0
25.0269,74.51,150.9,0.0
25.35,75.42,607.3,0.0
25.35,75.44,144.1,0.0
25.35,75.46,144.1,0.0
25.35,75.48,281.1,0.0
25.37,75.26,332.9,0.0
25.35,75.3,332.9,0.0
25.37,75.28,332.9,0.0
25.37,75.3,332.9,0.0
25.0089,74.6083,150.9,0.0
25.0089,74.5886,150.9,0.0
25.0089,74.5689,150.9,0.0
25.0089,74.5492,150.9,0.0
25.0089,74.5294,150.9,0.0
25.0269,74.5689,150.9,0.0
25.35,75.4,607.3,0.0
25.35,75.38,607.3,0.0
25.045,74.51,150.9,0.0
25.35,75.32,332.9,0.0
25.0811,74.6083,198.8,0.0
25.0811,74.5886,198.8,0.0
25.0811,74.5689,198.8,0.0
25.0811,74.5492,198.8,0.0
25.0811,74.5294,198.8,0.0
25.35,75.34,607.3,0.0
25.0631,74.5886,198.8,0.0
25.0631,74.5689,198.8,0.0
25.0631,74.5492,198.8,0.0
25.0631,74.5294,198.8,0.0
25.0631,74.51,198.8,0.0
25.35,75.36,607.3,0.0
25.045,74.5492,150.9,0.0
25.045,74.5294,198.8,0.0
25.48,75.34,607.3,0.0
25.48,75.38,607.3,0.0
25.19,75.44,365.5,0.0
25.12,75.48,186.3,0.0
25.12,75.34,186.3,0.0
25.12,75.36,186.3,0.0
25.12,75.38,186.3,0.0
25.12,75.4,186.3,0.0
25.12,75.42,186.3,0.0
25.12,75.44,186.3,0.0
25.12,75.46,186.3,0.0
25.12,75.49,186.3,0.0
25.12,75.3,174.5,0.0
25.14,75.26,127.4,0.0
25.14,75.28,186.3,0.0
25.14,75.3,186.3,0.0
25.14,75.32,186.3,0.0
25.14,75.34,186.3,0.0
25.14,75.36,186.3,0.0
25.14,75.38,186.3,0.0
25.12,75.32,174.5,0.0
25.12,75.28,174.5,0.0
25.14,75.42,186.3,0.0
25.1,75.34,174.5,0.0
25.08,75.46,323.1,0.0
25.08,75.48,323.1,0.0
25.08,75.49,323.1,0.0
25.1,75.26,174.5,0.0
25.1,75.28,174.5,0.0
25.1,75.3,174.5,0.0
25.1,75.32,174.5,0.0
25.1,75.36,174.5,0.0
25.12,75.26,127.4,0.0
25.1,75.38,174.5,0.0
25.1,75.4,174.5,0.0
25.1,75.42,186.3,0.0
25.1,75.44,186.3,0.0
25.1,75.46,186.3,0.0
25.1,75.48,323.1,0.0
25.1,75.49,323.1,0.0
25.14,75.4,186.3,0.0
25.14,75.44,186.3,0.0
25.48,75.4,703.8,0.0
25.19,75.26,127.4,0.0
25.17,75.38,186.3,0.0
25.17,75.4,186.3,0.0
25.17,75.42,186.3,0.0
25.17,75.44,186.3,0.0
25.17,75.46,365.5,0.0
25.17,75.48,365.5,0.0
25.17,75.49,365.5,0.0
25.19,75.28,127.4,0.0
25.17,75.34,186.3,0.0
25.19,75.3,186.3,0.0
25.19,75.32,144.1,0.0
25.19,75.34,144.1,0.0
25.19,75.36,144.1,0.0
25.19,75.38,144.1,0.0
25.19,75.4,186.3,0.0
25.19,75.42,186.3,0.0
25.17,75.36,186.3,0.0
25.17,75.32,186.3,0.0
25.14,75.46,186.3,0.0
25.15,75.38,186.3,0.0
25.14,75.48,186.3,0.0
25.14,75.49,186.3,0.0
25.15,75.26,127.4,0.0
25.15,75.28,186.3,0.0
25.15,75.3,186.3,0.0
25.15,75.34,186.3,0.0
25.15,75.36,186.3,0.0
25.15,75.4,186.3,0.0
25.17,75.3,186.3,0.0
25.15,75.42,186.3,0.0
25.15,75.44,186.3,0.0
25.15,75.46,186.3,0.0
25.15,75.48,365.5,0.0
25.15,75.49,365.5,0.0
25.17,75.26,127.4,0.0
25.17,75.28,186.3,0.0
25.08,75.44,323.1,0.0
25.08,75.42,174.5,0.0
25.08,75.4,174.5,0.0
25.01,75.46,1371.6,0.0
25.01,75.32,900.6,0.0
25.01,75.34,900.6,0.0
25.01,75.36,1216.3,0.0
25.01,75.38,1216.3,0.0
25.01,75.4,1216.3,0.0
25.01,75.42,1371.6,0.0
25.01,75.44,1371.6,0.0
25.01,75.48,1371.6,0.0
25.01,75.28,900.6,0.0
25.01,75.49,1371.6,0.0
25.03,75.26,607.0,0.0
25.03,75.28,900.6,0.0
25.03,75.3,900.6,0.0
25.03,75.32,900.6,0.0
25.03,75.34,900.6,0.0
25.03,75.36,174.5,0.0
25.01,75.3,900.6,0.0
25.01,75.26,607.0,0.0
25.08,75.38,174.5,0.0
25.49,75.3,107.0,0.0
25.48,75.42,832.1,0.0
25.48,75.44,832.1,0.0
25.48,75.46,832.1,0.0
25.48,75.48,832.1,0.0
25.48,75.49,832.1,0.0
25.49,75.26,107.0,0.0
25.49,75.28,107.0,0.0
25.49,75.32,107.0,0.0
25.49,75.49,832.1,0.0
25.49,75.34,607.3,0.0
25.49,75.36,703.8,0.0
25.49,75.38,703.8,0.0
25.49,75.4,832.1,0.0
25.49,75.42,832.1,0.0
25.49,75.44,832.1,0.0
25.49,75.48,832.1,0.0
25.03,75.38,174.5,0.0
25.03,75.4,174.5,0.0
25.03,75.42,323.1,0.0
25.06,75.46,323.1,0.0
25.06,75.32,174.5,0.0
25.06,75.34,174.5,0.0
25.06,75.36,174.5,0.0
25.06,75.38,174.5,0.0
25.06,75.4,174.5,0.0
25.06,75.42,323.1,0.0
25.06,75.44,323.1,0.0
25.06,75.48,323.1,0.0
25.03,75.44,323.1,0.0
25.06,75.49,323.1,0.0
25.08,75.26,174.5,0.0
25.08,75.28,174.5,0.0
25.08,75.3,174.5,0.0
25.08,75.32,174.5,0.0
25.08,75.34,174.5,0.0
25.08,75.36,174.5,0.0
25.06,75.3,174.5,0.0
25.06,75.28,174.5,0.0
25.06,75.26,174.5,0.0
25.05,75.49,323.1,0.0
25.03,75.46,323.1,0.0
25.03,75.48,323.1,0.0
25.03,75.49,323.1,0.0
25.05,75.26,174.5,0.0
25.05,75.28,174.5,0.0
25.05,75.3,174.5,0.0
25.05,75.32,900.6,0.0
25.05,75.34,174.5,0.0
25.05,75.36,174.5,0.0
25.05,75.38,174.5,0.0
25.05,75.4,174.5,0.0
25.05,75.42,323.1,0.0
25.05,75.44,323.1,0.0
25.05,75.46,323.1,0.0
25.05,75.48,323.1,0.0
25.46,75.24,107.0,0.0
25.31,75.23,191.9,0.0
25.46,75.21,107.0,0.0
26.2447,75.21,362.0,0.0
26.5091,75.3392,1370.5,0.0
26.5091,75.3195,272.4,0.0
26.5091,75.2997,1086.3,0.0
26.5091,75.2797,1086.3,0.0
26.5091,75.2599,664.5,0.0
26.2447,75.25,234.1,0.0
26.2447,75.23,362.0,0.0
26.2447,75.19,362.0,0.0
25.46,75.03,408.4,0.0
26.2447,75.17,362.0,0.0
26.2447,75.15,362.0,0.0
26.2447,75.13,362.0,0.0
26.2447,75.11,234.1,0.0
26.2447,75.09,234.1,0.0
26.2447,75.07,234.1,0.0
26.509,75.5906,104.8,0.0
26.5088,75.359,1370.5,0.0
26.5088,75.3792,1370.5,0.0
26.509,75.3987,1370.5,0.0
26.509,75.4184,1370.5,0.0
26.5275,75.4582,137.9,0.0
26.5275,75.4384,1370.5,0.0
26.5275,75.4186,1370.5,0.0
26.5274,75.3988,1370.5,0.0
26.5272,75.3791,1370.5,0.0
26.5272,75.3592,1370.5,0.0
26.5274,75.3393,1370.5,0.0
26.5274,75.3195,1086.3,0.0
26.5273,75.2999,1086.3,0.0
26.5274,75.2797,877.1,0.0
26.5276,75.2599,877.1,0.0
26.5088,75.5,137.9,0.0
26.5087,75.4785,137.9,0.0
26.5088,75.4583,1370.5,0.0
26.509,75.4384,1370.5,0.0
26.527,75.51,137.9,0.0
26.527,75.53,137.9,0.0
26.2264,75.25,234.1,0.0
26.2083,75.13,234.1,0.0
26.2083,75.09,234.1,0.0
26.2083,75.07,138.1,0.0
26.545,75.51,137.9,0.0
26.545,75.53,137.9,0.0
26.545,75.5506,104.8,0.0
26.1902,75.25,228.1,0.0
26.1902,75.23,228.1,0.0
26.1902,75.21,228.1,0.0
26.1902,75.19,234.1,0.0
26.1902,75.17,234.1,0.0
26.1902,75.15,234.1,0.0
26.1902,75.13,234.1,0.0
26.1902,75.11,234.1,0.0
26.1902,75.09,138.1,0.0
26.1902,75.07,138.1,0.0
26.2083,75.11,234.1,0.0
26.2083,75.15,234.1,0.0
26.2264,75.23,234.1,0.0
26.2083,75.17,234.1,0.0
26.2264,75.21,234.1,0.0
26.2264,75.19,234.1,0.0
26.2264,75.17,234.1,0.0
26.2264,75.15,234.1,0.0
26.2264,75.13,234.1,0.0
26.2264,75.11,234.1,0.0
26.2264,75.09,234.1,0.0
26.2264,75.07,234.1,0.0
26.527,75.5506,137.9,0.0
26.527,75.5706,104.8,0.0
26.527,75.5906,104.8,0.0
26.2083,75.25,234.1,0.0
26.2083,75.23,234.1,0.0
26.2083,75.21,234.1,0.0
26.2083,75.19,234.1,0.0
26.5274,75.4785,137.9,0.0
26.5274,75.5,137.9,0.0
26.5455,75.2599,877.1,0.0
26.259,75.44,326.3,0.0
26.259,75.4,841.5,0.0
26.259,75.38,841.5,0.0
26.259,75.36,841.5,0.0
26.259,75.34,841.5,0.0
26.259,75.32,841.5,0.0
26.259,75.3,362.0,0.0
26.259,75.28,362.0,0.0
26.259,75.26,362.0,0.0
26.5994,75.5,104.8,0.0
26.5993,75.4785,137.9,0.0
26.5997,75.4583,137.9,0.0
26.5994,75.4386,137.9,0.0
26.5997,75.4186,137.9,0.0
26.5997,75.3989,154.1,0.0
26.5996,75.3792,154.1,0.0
26.259,75.42,841.5,0.0
26.259,75.46,326.3,0.0
26.5996,75.3392,154.1,0.0
26.259,75.48,326.3,0.0
26.2951,75.26,362.0,0.0
26.2771,75.495,326.3,0.0
26.2771,75.48,326.3,0.0
26.2771,75.46,326.3,0.0
26.2771,75.44,841.5,0.0
26.2771,75.42,841.5,0.0
26.2771,75.4,841.5,0.0
26.2771,75.38,841.5,0.0
26.2771,75.36,841.5,0.0
26.2771,75.34,841.5,0.0
26.2771,75.32,841.5,0.0
26.2771,75.3,362.0,0.0
26.2771,75.28,362.0,0.0
26.2771,75.26,362.0,0.0
26.259,75.495,326.3,0.0
26.5997,75.3592,154.1,0.0
26.5998,75.3198,154.1,0.0
26.5455,75.2797,877.1,0.0
26.5635,75.359,1086.3,0.0
26.5634,75.3196,1086.3,0.0
26.5635,75.2999,1086.3,0.0
26.5636,75.2799,1086.3,0.0
26.5636,75.2598,877.1,0.0
26.5451,75.4999,137.9,0.0
26.5454,75.4785,137.9,0.0
26.5454,75.4582,137.9,0.0
26.5453,75.4384,1370.5,0.0
26.5454,75.4186,1370.5,0.0
26.5451,75.399,1370.5,0.0
26.5455,75.3791,1370.5,0.0
26.5452,75.359,1086.3,0.0
26.5456,75.3396,1086.3,0.0
26.5455,75.3196,1086.3,0.0
26.5455,75.2997,1086.3,0.0
26.5633,75.3395,1086.3,0.0
26.5635,75.3791,1370.5,0.0
26.5998,75.2997,1086.3,0.0
26.5634,75.3988,1370.5,0.0
26.5998,75.2799,141.2,0.0
26.5998,75.26,141.2,0.0
26.5813,75.5,104.8,0.0
26.5812,75.4785,137.9,0.0
26.5813,75.4583,137.9,0.0
26.5813,75.4386,137.9,0.0
26.5814,75.4186,1370.5,0.0
26.5813,75.3989,1370.5,0.0
26.5815,75.3789,154.1,0.0
26.5814,75.3592,1086.3,0.0
26.5631,75.5,137.9,0.0
26.5633,75.4786,137.9,0.0
26.5634,75.4582,137.9,0.0
26.5633,75.4382,137.9,0.0
26.5634,75.4186,1370.5,0.0
26.545,75.5706,104.8,0.0
26.545,75.5906,104.8,0.0
26.563,75.51,137.9,0.0
26.3856,75.51,167.0,0.0
26.3856,75.5501,167.0,0.0
26.3856,75.5701,167.0,0.0
26.3856,75.5902,167.0,0.0
26.4037,75.51,167.0,0.0
26.4037,75.5301,167.0,0.0
26.4037,75.5501,167.0,0.0
26.4037,75.5701,167.0,0.0
26.4037,75.5902,167.0,0.0
26.4217,75.51,167.0,0.0
26.4217,75.5301,167.0,0.0
26.4217,75.5501,167.0,0.0
26.4217,75.5701,167.0,0.0
26.4217,75.5902,167.0,0.0
26.4398,75.51,167.0,0.0
26.4398,75.5301,167.0,0.0
26.3856,75.5301,167.0,0.0
26.0815,75.15,138.1,0.0
26.4398,75.5701,167.0,0.0
26.0815,75.17,138.1,0.0
26.3314,75.5501,167.0,0.0
26.3314,75.5701,323.4,0.0
26.3314,75.5902,323.4,0.0
26.3494,75.51,167.0,0.0
26.0815,75.25,228.1,0.0
26.3494,75.5301,167.0,0.0
26.3494,75.5501,167.0,0.0
26.3494,75.5701,167.0,0.0
26.3494,75.5902,323.4,0.0
26.3675,75.51,167.0,0.0
26.3675,75.5301,167.0,0.0
26.3675,75.5501,167.0,0.0
26.3675,75.5701,167.0,0.0
26.3675,75.5902,167.0,0.0
26.0815,75.19,138.1,0.0
26.4398,75.5501,167.0,0.0
26.4398,75.5902,2198.0,0.0
26.3314,75.51,167.0,0.0
26.0269,75.59,241.6,0.0
26.045,75.53,241.6,0.0
26.045,75.55,241.6,0.0
26.045,75.57,241.6,0.0
26.045,75.59,241.6,0.0
26.0631,75.51,241.6,0.0
26.0631,75.53,241.6,0.0
26.0631,75.55,241.6,0.0
26.0631,75.57,241.6,0.0
26.0631,75.59,241.6,0.0
26.0811,75.51,241.6,0.0
26.0811,75.53,241.6,0.0
26.0811,75.55,241.6,0.0
26.0811,75.57,241.6,0.0
26.0811,75.59,241.6,0.0
26.0992,75.51,241.6,0.0
26.045,75.51,241.6,0.0
26.0269,75.51,241.6,0.0
26.4579,75.51,359.0,0.0
26.4941,75.5902,1626.6,0.0
26.4579,75.5301,359.0,0.0
26.0634,75.19,138.1,0.0
26.0634,75.17,138.1,0.0
26.4579,75.5501,359.0,0.0
26.4579,75.5701,2198.0,0.0
26.4579,75.5902,2198.0,0.0
26.476,75.51,1370.5,0.0
26.476,75.5301,359.0,0.0
26.476,75.5501,359.0,0.0
26.476,75.5701,359.0,0.0
26.476,75.5902,359.0,0.0
26.4941,75.51,1370.5,0.0
26.4941,75.5301,1370.5,0.0
26.4941,75.5501,1520.3,0.0
26.4941,75.5701,1520.3,0.0
26.3314,75.5301,167.0,0.0
26.3133,75.5902,323.4,0.0
26.1721,75.25,228.1,0.0
26.1539,75.15,138.1,0.0
26.1539,75.11,138.1,0.0
26.1539,75.09,138.1,0.0
26.1539,75.07,138.1,0.0
26.563,75.5906,104.8,0.0
26.581,75.51,104.8,0.0
26.581,75.53,104.8,0.0
26.1358,75.25,228.1,0.0
26.1358,75.23,228.1,0.0
26.1358,75.21,228.1,0.0
26.1358,75.19,138.1,0.0
26.1358,75.17,138.1,0.0
26.1358,75.15,138.1,0.0
26.1358,75.13,138.1,0.0
26.1358,75.11,138.1,0.0
26.581,75.5506,104.8,0.0
26.1539,75.13,138.1,0.0
26.1539,75.17,138.1,0.0
26.581,75.5906,104.8,0.0
26.1539,75.19,138.1,0.0
26.1721,75.23,228.1,0.0
26.1721,75.21,228.1,0.0
26.1721,75.19,228.1,0.0
26.1721,75.17,234.1,0.0
26.1721,75.15,138.1,0.0
26.1721,75.13,138.1,0.0
26.1721,75.11,138.1,0.0
26.1721,75.09,138.1,0.0
26.1721,75.07,138.1,0.0
26.563,75.53,104.8,0.0
26.563,75.5506,104.8,0.0
26.563,75.5706,104.8,0.0
26.1539,75.25,228.1,0.0
26.1539,75.23,228.1,0.0
26.1539,75.21,228.1,0.0
26.581,75.5706,104.8,0.0
26.599,75.51,104.8,0.0
26.3133,75.5701,323.4,0.0
26.259,75.5701,1512.5,0.0
26.2771,75.51,326.3,0.0
26.2771,75.5301,326.3,0.0
26.2771,75.5501,326.3,0.0
26.2771,75.5701,326.3,0.0
26.2771,75.5902,1512.5,0.0
26.2952,75.51,326.3,0.0
26.0996,75.17,138.1,0.0
26.0996,75.15,138.1,0.0
26.2952,75.5301,326.3,0.0
26.2952,75.5501,326.3,0.0
26.2952,75.5701,323.4,0.0
26.2952,75.5902,323.4,0.0
26.3133,75.51,326.3,0.0
26.3133,75.5301,326.3,0.0
26.3133,75.5501,326.3,0.0
26.259,75.5902,1512.5,0.0
26.0996,75.19,138.1,0.0
26.599,75.53,104.8,0.0
26.0996,75.21,138.1,0.0
26.1177,75.25,228.1,0.0
26.1177,75.23,228.1,0.0
26.1177,75.21,138.1,0.0
26.1177,75.19,138.1,0.0
26.1177,75.17,138.1,0.0
26.1177,75.15,138.1,0.0
26.1177,75.13,138.1,0.0
26.599,75.5506,104.8,0.0
26.599,75.5706,104.8,0.0
26.599,75.5906,208.3,0.0
26.259,75.51,326.3,0.0
26.259,75.5301,326.3,0.0
26.259,75.5501,326.3,0.0
26.0996,75.25,228.1,0.0
26.0996,75.23,228.1,0.0
26.2951,75.28,362.0,0.0
26.2951,75.3,362.0,0.0
26.2951,75.32,841.5,0.0
26.0813,75.32,228.1,0.0
26.0813,75.28,228.1,0.0
26.0813,75.26,228.1,0.0
26.0632,75.4967,241.6,0.0
26.0632,75.48,241.6,0.0
26.2076,75.44,970.8,0.0
26.2076,75.46,970.8,0.0
26.2076,75.48,970.8,0.0
26.0632,75.4,228.1,0.0
26.0632,75.38,228.1,0.0
26.0632,75.36,228.1,0.0
26.0632,75.34,228.1,0.0
26.0632,75.32,228.1,0.0
26.0632,75.3,228.1,0.0
26.0632,75.28,228.1,0.0
26.0632,75.26,228.1,0.0
26.0813,75.3,228.1,0.0
26.0813,75.34,228.1,0.0
26.2076,75.4967,970.8,0.0
26.0813,75.36,228.1,0.0
26.0993,75.4,970.8,0.0
26.0993,75.38,228.1,0.0
26.0993,75.36,228.1,0.0
26.0993,75.34,228.1,0.0
26.0993,75.32,228.1,0.0
26.0993,75.3,228.1,0.0
26.0993,75.28,228.1,0.0
26.0993,75.26,228.1,0.0
26.0813,75.4967,241.6,0.0
26.0813,75.48,241.6,0.0
26.0813,75.46,241.6,0.0
26.0813,75.44,241.6,0.0
26.2076,75.42,841.5,0.0
26.0813,75.4,228.1,0.0
26.0813,75.38,228.1,0.0
26.0451,75.4967,241.6,0.0
26.2257,75.26,234.1,0.0
26.0993,75.44,241.6,0.0
26.2257,75.4967,970.8,0.0
26.2437,75.28,234.1,0.0
26.2437,75.3,234.1,0.0
26.2437,75.32,841.5,0.0
26.2437,75.34,841.5,0.0
26.2437,75.36,841.5,0.0
26.2437,75.38,841.5,0.0
26.2437,75.4,841.5,0.0
26.2437,75.42,970.8,0.0
26.2437,75.44,326.3,0.0
26.009,75.38,228.1,0.0
26.2437,75.46,326.3,0.0
26.2437,75.48,970.8,0.0
26.2437,75.4967,326.3,0.0
26.509,75.51,137.9,0.0
26.509,75.53,137.9,0.0
26.2437,75.26,234.1,0.0
26.2257,75.48,970.8,0.0
26.2257,75.28,234.1,0.0
26.0271,75.38,228.1,0.0
26.2257,75.3,841.5,0.0
26.0451,75.4,228.1,0.0
26.0451,75.38,228.1,0.0
26.0451,75.36,228.1,0.0
26.0451,75.34,228.1,0.0
26.2257,75.32,841.5,0.0
26.2257,75.34,841.5,0.0
26.2257,75.36,841.5,0.0
26.2257,75.38,841.5,0.0
26.0271,75.4967,241.6,0.0
26.2257,75.4,841.5,0.0
26.2257,75.42,970.8,0.0
26.2257,75.44,326.3,0.0
26.2257,75.46,970.8,0.0
26.0271,75.4,228.1,0.0
26.0993,75.42,970.8,0.0
26.0993,75.46,241.6,0.0
26.4937,75.495,1370.5,0.0
26.1896,75.28,841.5,0.0
26.1715,75.4967,1512.5,0.0
26.1715,75.48,970.8,0.0
26.1715,75.46,970.8,0.0
26.1715,75.44,970.8,0.0
26.1715,75.42,970.8,0.0
26.1715,75.4,841.5,0.0
26.1715,75.38,841.5,0.0
26.1715,75.36,841.5,0.0
26.1715,75.34,841.5,0.0
26.1715,75.32,841.5,0.0
26.1715,75.3,841.5,0.0
26.1715,75.28,841.5,0.0
26.1715,75.26,228.1,0.0
26.1535,75.4967,1512.5,0.0
26.1535,75.48,1512.5,0.0
26.1896,75.26,841.5,0.0
26.1896,75.3,841.5,0.0
26.1535,75.44,970.8,0.0
26.1896,75.32,841.5,0.0
26.2076,75.36,841.5,0.0
26.2076,75.34,841.5,0.0
26.2076,75.32,841.5,0.0
26.2076,75.3,841.5,0.0
26.2076,75.28,841.5,0.0
26.2076,75.26,234.1,0.0
26.1896,75.4967,970.8,0.0
26.1896,75.48,970.8,0.0
26.1896,75.46,970.8,0.0
26.1896,75.44,970.8,0.0
26.1896,75.42,970.8,0.0
26.1896,75.4,841.5,0.0
26.1896,75.38,841.5,0.0
26.1896,75.36,841.5,0.0
26.1896,75.34,841.5,0.0
26.1535,75.46,970.8,0.0
26.1535,75.42,970.8,0.0
26.0993,75.48,241.6,0.0
26.1354,75.3,228.1,0.0
26.1354,75.26,228.1,0.0
26.1174,75.4967,241.6,0.0
26.1174,75.48,241.6,0.0
26.1174,75.46,241.6,0.0
26.1174,75.44,970.8,0.0
26.1174,75.42,970.8,0.0
26.1174,75.4,970.8,0.0
26.1174,75.38,228.1,0.0
26.1174,75.36,228.1,0.0
26.1174,75.34,228.1,0.0
26.1174,75.32,228.1,0.0
26.1174,75.3,228.1,0.0
26.1174,75.28,228.1,0.0
26.1174,75.26,228.1,0.0
26.0993,75.4967,241.6,0.0
26.1354,75.28,228.1,0.0
26.1354,75.32,841.5,0.0
26.1535,75.4,841.5,0.0
26.1354,75.34,841.5,0.0
26.1535,75.38,841.5,0.0
26.1535,75.36,841.5,0.0
26.1535,75.34,841.5,0.0
26.1535,75.32,841.5,0.0
26.1535,75.3,228.1,0.0
26.1535,75.28,228.1,0.0
26.1535,75.26,228.1,0.0
26.1354,75.4967,241.6,0.0
26.1354,75.48,241.6,0.0
26.1354,75.46,970.8,0.0
26.1354,75.44,970.8,0.0
26.1354,75.42,970.8,0.0
26.1354,75.4,841.5,0.0
26.1354,75.38,841.5,0.0
26.1354,75.36,841.5,0.0
26.509,75.5506,1520.3,0.0
26.4937,75.48,1370.5,0.0
26.2951,75.34,841.5,0.0
26.3674,75.4,165.5,0.0
26.3674,75.36,165.5,0.0
26.3674,75.34,165.5,0.0
26.3674,75.32,165.5,0.0
26.3674,75.3,165.5,0.0
26.3674,75.28,165.5,0.0
26.3674,75.26,165.5,0.0
26.3493,75.495,167.0,0.0
26.3493,75.48,326.3,0.0
26.3493,75.46,326.3,0.0
26.3493,75.44,165.5,0.0
26.3493,75.42,165.5,0.0
26.3493,75.4,165.5,0.0
26.3493,75.38,165.5,0.0
26.3493,75.36,165.5,0.0
26.3493,75.34,165.5,0.0
26.3674,75.38,165.5,0.0
26.3674,75.42,165.5,0.0
26.3493,75.3,165.5,0.0
26.3674,75.44,326.3,0.0
26.3854,75.48,167.0,0.0
26.3854,75.46,326.3,0.0
26.3854,75.44,326.3,0.0
26.3854,75.42,326.3,0.0
26.3854,75.4,165.5,0.0
26.3854,75.38,165.5,0.0
26.3854,75.36,165.5,0.0
26.3854,75.34,165.5,0.0
26.3854,75.32,165.5,0.0
26.3854,75.3,165.5,0.0
26.3854,75.28,165.5,0.0
26.3854,75.26,272.4,0.0
26.3674,75.495,167.0,0.0
26.3674,75.48,326.3,0.0
26.3674,75.46,326.3,0.0
26.3493,75.32,165.5,0.0
26.3493,75.28,165.5,0.0
26.4035,75.26,272.4,0.0
26.3132,75.42,165.5,0.0
26.3132,75.38,165.5,0.0
26.3132,75.36,165.5,0.0
26.3132,75.34,165.5,0.0
26.3132,75.32,841.5,0.0
26.3132,75.3,362.0,0.0
26.3132,75.28,362.0,0.0
26.509,75.5706,1520.3,0.0
26.2951,75.495,326.3,0.0
26.2951,75.48,326.3,0.0
26.2951,75.46,326.3,0.0
26.2951,75.44,165.5,0.0
26.2951,75.42,165.5,0.0
26.2951,75.4,841.5,0.0
26.2951,75.38,841.5,0.0
26.2951,75.36,841.5,0.0
26.3132,75.4,165.5,0.0
26.3132,75.44,165.5,0.0
26.3493,75.26,199.7,0.0
26.3132,75.46,326.3,0.0
26.3313,75.495,326.3,0.0
26.3313,75.48,326.3,0.0
26.3313,75.46,326.3,0.0
26.3313,75.44,165.5,0.0
26.3313,75.42,165.5,0.0
26.3313,75.4,165.5,0.0
26.3313,75.38,165.5,0.0
26.3313,75.36,165.5,0.0
26.3313,75.34,165.5,0.0
26.3313,75.32,165.5,0.0
26.3313,75.3,165.5,0.0
26.3313,75.28,199.7,0.0
26.3313,75.26,199.7,0.0
26.3132,75.495,326.3,0.0
26.3132,75.48,326.3,0.0
26.3854,75.495,167.0,0.0
26.4035,75.28,272.4,0.0
26.4937,75.46,1370.5,0.0
26.4757,75.36,272.4,0.0
26.4757,75.32,272.4,0.0
26.4757,75.3,272.4,0.0
26.4757,75.28,272.4,0.0
26.4757,75.26,272.4,0.0
26.4576,75.495,359.0,0.0
26.4576,75.48,359.0,0.0
26.4576,75.46,359.0,0.0
26.4576,75.44,359.0,0.0
26.4576,75.42,272.4,0.0
26.4576,75.4,272.4,0.0
26.4576,75.38,272.4,0.0
26.4576,75.36,272.4,0.0
26.4576,75.34,272.4,0.0
26.4576,75.32,272.4,0.0
26.4576,75.3,272.4,0.0
26.4757,75.34,272.4,0.0
26.4757,75.38,272.4,0.0
26.4576,75.26,272.4,0.0
26.4757,75.4,272.4,0.0
26.4937,75.44,1370.5,0.0
26.4937,75.42,1370.5,0.0
26.4937,75.4,1370.5,0.0
26.4937,75.38,1370.5,0.0
26.4937,75.36,272.4,0.0
26.4937,75.34,272.4,0.0
26.4937,75.32,272.4,0.0
26.4937,75.3,272.4,0.0
26.4937,75.28,272.4,0.0
26.4937,75.26,272.4,0.0
26.4757,75.495,1370.5,0.0
26.4757,75.48,1370.5,0.0
26.4757,75.46,1370.5,0.0
26.4757,75.44,359.0,0.0
26.4757,75.42,272.4,0.0
26.4576,75.28,272.4,0.0
26.4396,75.495,359.0,0.0
26.4035,75.3,272.4,0.0
26.4215,75.38,272.4,0.0
26.4215,75.34,272.4,0.0
26.4215,75.32,272.4,0.0
26.4215,75.3,272.4,0.0
26.4215,75.28,272.4,0.0
26.4215,75.26,272.4,0.0
26.4035,75.495,167.0,0.0
26.4035,75.48,167.0,0.0
26.4035,75.46,167.0,0.0
26.4035,75.44,359.0,0.0
26.4035,75.42,326.3,0.0
26.4035,75.4,272.4,0.0
26.4035,75.38,165.5,0.0
26.4035,75.36,165.5,0.0
26.4035,75.34,272.4,0.0
26.4035,75.32,272.4,0.0
26.4215,75.36,272.4,0.0
26.4215,75.4,272.4,0.0
26.4396,75.48,359.0,0.0
26.4215,75.42,272.4,0.0
26.4396,75.46,359.0,0.0
26.4396,75.44,359.0,0.0
26.4396,75.42,272.4,0.0
26.4396,75.4,272.4,0.0
26.4396,75.38,272.4,0.0
26.4396,75.36,272.4,0.0
26.4396,75.34,272.4,0.0
26.4396,75.32,272.4,0.0
26.4396,75.3,272.4,0.0
26.4396,75.28,272.4,0.0
26.4396,75.26,272.4,0.0
26.4215,75.495,167.0,0.0
26.4215,75.48,167.0,0.0
26.4215,75.46,359.0,0.0
26.4215,75.44,359.0,0.0
26.0992,75.53,241.6,0.0
26.0992,75.55,241.6,0.0
26.0992,75.57,241.6,0.0
25.0091,74.8591,239.8,0.0
25.0091,74.7996,469.0,0.0
25.4941,74.9949,305.7,0.0
25.4941,74.9809,305.7,0.0
25.4941,74.9608,305.7,0.0
25.4941,74.9407,305.7,0.0
25.4942,74.9207,305.7,0.0
25.4942,74.9007,305.7,0.0
25.4942,74.8805,305.7,0.0
25.53,75.05,129.0,0.0
25.53,75.07,129.0,0.0
25.53,75.09,129.0,0.0
25.53,75.11,129.0,0.0
25.55,75.01,129.0,0.0
25.55,75.03,129.0,0.0
25.4762,74.9949,305.7,0.0
25.0091,74.8393,239.8,0.0
25.0091,74.8789,239.8,0.0
25.4762,74.9607,305.7,0.0
25.0091,74.8988,138.4,0.0
25.0271,74.994,138.4,0.0
25.0271,74.978,138.4,0.0
25.0271,74.9582,138.4,0.0
25.0271,74.9384,138.4,0.0
25.0271,74.9186,138.4,0.0
25.0271,74.8988,272.9,0.0
25.0271,74.8393,239.8,0.0
25.0271,74.8195,186.7,0.0
25.0271,74.7996,469.0,0.0
25.53,75.03,129.0,0.0
25.0091,74.994,164.1,0.0
25.0091,74.978,138.4,0.0
25.0091,74.9582,138.4,0.0
25.0091,74.9384,138.4,0.0
25.0091,74.9186,138.4,0.0
25.4762,74.9807,305.7,0.0
25.4762,74.9407,305.7,0.0
25.51,75.11,129.0,0.0
25.56,75.03,129.0,0.0
25.56,75.07,129.0,0.0
25.56,75.09,129.0,0.0
25.4397,74.9949,305.7,0.0
25.4399,74.9807,305.7,0.0
25.4399,74.9607,305.7,0.0
25.4399,74.9406,164.5,0.0
25.4398,74.9207,164.5,0.0
25.4399,74.9005,164.5,0.0
25.4399,74.8805,164.5,0.0
25.4399,74.8604,164.5,0.0
25.4398,74.8405,164.5,0.0
25.4398,74.8203,164.5,0.0
25.4399,74.8001,164.5,0.0
25.4398,74.7801,164.5,0.0
25.58,75.01,129.0,0.0
25.56,75.05,129.0,0.0
25.4579,74.8404,164.5,0.0
25.4762,74.9208,305.7,0.0
25.4578,74.8606,164.5,0.0
25.4762,74.9005,305.7,0.0
25.4761,74.8805,164.5,0.0
25.4761,74.8604,164.5,0.0
25.55,75.05,129.0,0.0
25.55,75.07,129.0,0.0
25.55,75.09,129.0,0.0
25.55,75.11,129.0,0.0
25.56,75.01,129.0,0.0
25.4578,74.9949,305.7,0.0
25.4578,74.9807,305.7,0.0
25.4578,74.9608,305.7,0.0
25.4578,74.9406,305.7,0.0
25.4578,74.9207,164.5,0.0
25.4577,74.9005,164.5,0.0
25.4579,74.8805,164.5,0.0
25.53,75.01,129.0,0.0
25.0451,74.7996,469.0,0.0
25.4216,74.9807,305.7,0.0
25.1535,74.8989,272.9,0.0
25.1354,74.9583,272.9,0.0
25.1354,74.9385,272.9,0.0
25.1354,74.8989,272.9,0.0
25.1354,74.8791,272.9,0.0
25.1354,74.8592,272.9,0.0
25.1174,74.9583,272.9,0.0
25.1174,74.9385,272.9,0.0
25.1174,74.9187,272.9,0.0
25.1174,74.8989,272.9,0.0
25.1174,74.879,272.9,0.0
25.1174,74.8591,272.9,0.0
25.1174,74.7799,198.8,0.0
25.0994,74.994,138.4,0.0
25.0994,74.9782,138.4,0.0
25.0994,74.9583,138.4,0.0
25.1535,74.879,272.9,0.0
25.1716,74.879,272.9,0.0
25.0994,74.9187,272.9,0.0
25.51,75.09,129.0,0.0
25.92,75.23,100.6,0.0
25.92,75.24,100.6,0.0
25.94,75.19,100.6,0.0
25.94,75.21,100.6,0.0
25.94,75.23,100.6,0.0
25.94,75.24,100.6,0.0
25.96,75.17,100.6,0.0
25.96,75.19,100.6,0.0
25.96,75.21,100.6,0.0
25.96,75.23,100.6,0.0
25.98,75.17,100.6,0.0
25.51,75.01,129.0,0.0
25.51,75.03,129.0,0.0
25.51,75.05,129.0,0.0
25.51,75.07,129.0,0.0
25.0994,74.9385,272.9,0.0
25.0994,74.8989,272.9,0.0
25.0451,74.8195,469.0,0.0
25.0632,74.9582,138.4,0.0
25.0632,74.8989,272.9,0.0
25.0632,74.879,272.9,0.0
25.0632,74.8591,272.9,0.0
25.0632,74.8393,469.0,0.0
25.0632,74.8195,469.0,0.0
25.0632,74.7996,469.0,0.0
25.0451,74.994,138.4,0.0
25.0451,74.9781,138.4,0.0
25.0451,74.9582,138.4,0.0
25.0451,74.9384,138.4,0.0
25.0451,74.9186,138.4,0.0
25.0451,74.8988,272.9,0.0
25.0451,74.879,272.9,0.0
25.0451,74.8591,272.9,0.0
25.0451,74.8393,469.0,0.0
25.0632,74.9384,138.4,0.0
25.0632,74.9781,138.4,0.0
25.0994,74.879,272.9,0.0
25.0632,74.994,138.4,0.0
25.0994,74.8591,272.9,0.0
25.0994,74.8393,272.9,0.0
25.0993,74.76,198.8,0.0
25.0813,74.994,138.4,0.0
25.0813,74.9781,138.4,0.0
25.0813,74.9583,138.4,0.0
25.0813,74.9385,138.4,0.0
25.0813,74.9187,272.9,0.0
25.0813,74.8989,272.9,0.0
25.0813,74.879,272.9,0.0
25.0813,74.8591,272.9,0.0
25.0813,74.8393,272.9,0.0
25.0813,74.8195,469.0,0.0
25.0813,74.7996,469.0,0.0
25.0813,74.7799,469.0,0.0
25.4216,74.9949,408.4,0.0
25.4217,74.9605,305.7,0.0
25.92,75.19,100.6,0.0
25.28,75.21,252.9,0.0
25.28,75.24,191.9,0.0
25.3,75.11,252.9,0.0
25.3,75.13,252.9,0.0
25.3,75.15,252.9,0.0
25.3,75.17,252.9,0.0
25.3,75.19,191.9,0.0
25.3,75.21,191.9,0.0
25.3,75.23,191.9,0.0
25.3,75.24,191.9,0.0
25.31,75.15,252.9,0.0
25.31,75.17,252.9,0.0
25.31,75.19,191.9,0.0
25.31,75.21,191.9,0.0
26.2076,75.38,841.5,0.0
25.31,75.24,191.9,0.0
25.28,75.23,191.9,0.0
25.28,75.19,252.9,0.0
25.33,75.19,191.9,0.0
25.28,75.17,252.9,0.0
25.67,75.19,136.0,0.0
25.67,75.21,136.0,0.0
25.26,75.09,252.9,0.0
25.26,75.11,252.9,0.0
25.26,75.13,252.9,0.0
25.26,75.15,252.9,0.0
25.26,75.17,252.9,0.0
25.26,75.19,252.9,0.0
25.26,75.21,252.9,0.0
25.26,75.23,252.9,0.0
25.26,75.24,127.4,0.0
25.28,75.09,252.9,0.0
25.28,75.11,252.9,0.0
25.28,75.13,252.9,0.0
25.28,75.15,252.9,0.0
25.33,75.17,191.9,0.0
25.33,75.21,191.9,0.0
25.67,75.11,136.0,0.0
25.4,75.23,332.9,0.0
25.42,75.01,408.4,0.0
25.42,75.03,408.4,0.0
25.42,75.17,107.0,0.0
25.42,75.19,107.0,0.0
25.42,75.21,107.0,0.0
25.42,75.23,107.0,0.0
25.42,75.24,107.0,0.0
25.44,75.01,305.7,0.0
25.44,75.03,408.4,0.0
25.44,75.17,107.0,0.0
25.44,75.19,107.0,0.0
25.44,75.21,107.0,0.0
25.44,75.23,107.0,0.0
25.44,75.24,107.0,0.0
25.46,75.01,305.7,0.0
25.4,75.24,332.9,0.0
25.4,75.21,332.9,0.0
25.33,75.23,191.9,0.0
25.4,75.01,408.4,0.0
25.33,75.24,191.9,0.0
25.35,75.17,191.9,0.0
25.35,75.19,191.9,0.0
25.35,75.21,191.9,0.0
25.35,75.23,191.9,0.0
25.35,75.24,191.9,0.0
25.37,75.19,191.9,0.0
25.37,75.21,332.9,0.0
25.37,75.23,332.9,0.0
25.37,75.24,191.9,0.0
25.39,75.01,408.4,0.0
25.39,75.19,332.9,0.0
25.39,75.21,332.9,0.0
25.39,75.23,332.9,0.0
25.39,75.24,332.9,0.0
25.67,75.17,136.0,0.0
25.65,75.21,136.0,0.0
25.4218,74.9406,305.7,0.0
25.4037,74.8404,164.5,0.0
25.4037,74.7999,164.5,0.0
25.4037,74.7803,164.5,0.0
25.4037,74.7602,164.5,0.0
25.3857,74.9949,408.4,0.0
25.3856,74.9806,408.4,0.0
25.3856,74.9606,408.4,0.0
25.3857,74.9403,408.4,0.0
25.3857,74.9206,408.4,0.0
25.3857,74.9004,164.5,0.0
25.3856,74.8803,164.5,0.0
25.3857,74.8605,164.5,0.0
25.3857,74.8405,164.5,0.0
25.3856,74.8203,164.5,0.0
25.3856,74.8001,164.5,0.0
25.3857,74.7804,164.5,0.0
25.4037,74.8203,164.5,0.0
25.4037,74.8604,164.5,0.0
25.58,75.07,136.0,0.0
25.4037,74.8805,164.5,0.0
25.4218,74.9207,164.5,0.0
25.4218,74.9004,164.5,0.0
25.4218,74.8804,164.5,0.0
25.4218,74.8605,164.5,0.0
25.4217,74.8403,164.5,0.0
25.4218,74.8203,164.5,0.0
25.4218,74.8001,164.5,0.0
25.4219,74.7803,164.5,0.0
25.58,75.03,129.0,0.0
25.4037,74.9949,408.4,0.0
25.4038,74.9807,408.4,0.0
25.4037,74.9606,408.4,0.0
25.4037,74.9405,305.7,0.0
25.4038,74.9208,164.5,0.0
25.4038,74.9004,164.5,0.0
25.58,75.05,129.0,0.0
25.3676,74.9806,408.4,0.0
25.65,75.19,136.0,0.0
25.62,75.11,136.0,0.0
25.62,75.15,136.0,0.0
25.62,75.17,136.0,0.0
25.64,75.07,136.0,0.0
25.64,75.09,136.0,0.0
25.64,75.11,136.0,0.0
25.64,75.13,136.0,0.0
25.64,75.15,136.0,0.0
25.64,75.17,136.0,0.0
25.64,75.19,136.0,0.0
25.65,75.07,136.0,0.0
25.65,75.09,136.0,0.0
25.65,75.11,136.0,0.0
25.65,75.13,136.0,0.0
25.65,75.15,136.0,0.0
25.65,75.17,136.0,0.0
25.62,75.13,136.0,0.0
25.62,75.09,136.0,0.0
25.3675,74.9604,408.4,0.0
25.62,75.07,136.0,0.0
25.3674,74.9403,408.4,0.0
25.3674,74.9206,408.4,0.0
25.3674,74.9003,408.4,0.0
25.58,75.09,136.0,0.0
25.58,75.11,136.0,0.0
25.3674,74.8404,164.5,0.0
25.6,75.03,136.0,0.0
25.6,75.05,136.0,0.0
25.6,75.07,136.0,0.0
25.6,75.09,136.0,0.0
25.6,75.11,136.0,0.0
25.6,75.13,136.0,0.0
25.3495,74.9604,408.4,0.0
25.3493,74.9403,408.4,0.0
25.62,75.05,136.0,0.0
25.92,75.21,100.6,0.0
26.509,75.01,303.4,0.0
26.0992,75.59,241.6,0.0
26.4389,75.01,141.8,0.0
26.4208,75.23,272.4,0.0
26.4208,75.21,272.4,0.0
26.4208,75.19,272.4,0.0
26.4208,75.17,272.4,0.0
26.4208,75.15,272.4,0.0
26.4208,75.13,266.9,0.0
26.4208,75.11,266.9,0.0
26.4208,75.09,266.9,0.0
26.4208,75.07,266.9,0.0
26.4208,75.05,141.8,0.0
26.4208,75.03,141.8,0.0
26.4208,75.01,141.8,0.0
26.4031,75.245,272.4,0.0
26.4031,75.23,272.4,0.0
26.4031,75.21,272.4,0.0
26.4208,75.245,272.4,0.0
26.4389,75.03,141.8,0.0
26.4031,75.17,199.7,0.0
26.4389,75.05,141.8,0.0
26.4569,75.09,266.9,0.0
26.4569,75.07,266.9,0.0
26.4569,75.05,266.9,0.0
26.4569,75.03,141.8,0.0
26.4569,75.01,141.8,0.0
26.4389,75.245,272.4,0.0
26.4389,75.23,272.4,0.0
26.4389,75.21,272.4,0.0
26.4389,75.19,272.4,0.0
26.4389,75.17,272.4,0.0
26.4389,75.15,266.9,0.0
26.4389,75.13,266.9,0.0
26.4389,75.11,266.9,0.0
26.4389,75.09,266.9,0.0
26.4389,75.07,266.9,0.0
26.4031,75.19,199.7,0.0
26.4031,75.15,199.7,0.0
26.4569,75.13,266.9,0.0
26.385,75.03,141.8,0.0
26.3669,75.245,199.7,0.0
26.3669,75.23,199.7,0.0
26.3669,75.21,199.7,0.0
26.3669,75.19,199.7,0.0
26.3669,75.17,199.7,0.0
26.3669,75.15,199.7,0.0
26.3669,75.13,199.7,0.0
26.3669,75.11,199.7,0.0
26.3669,75.09,199.7,0.0
26.3669,75.07,199.7,0.0
26.3669,75.05,234.1,0.0
26.3669,75.03,234.1,0.0
26.3669,75.01,141.8,0.0
26.3489,75.245,199.7,0.0
26.3489,75.23,199.7,0.0
26.385,75.01,141.8,0.0
26.385,75.05,141.8,0.0
26.4031,75.13,199.7,0.0
26.385,75.07,199.7,0.0
26.4031,75.11,199.7,0.0
26.4031,75.09,199.7,0.0
26.4031,75.07,266.9,0.0
26.4031,75.05,141.8,0.0
26.4031,75.03,141.8,0.0
26.4031,75.01,141.8,0.0
26.385,75.245,272.4,0.0
26.385,75.23,199.7,0.0
26.385,75.21,199.7,0.0
26.385,75.19,199.7,0.0
26.385,75.17,199.7,0.0
26.385,75.15,199.7,0.0
26.385,75.13,199.7,0.0
26.385,75.11,199.7,0.0
26.385,75.09,199.7,0.0
26.4569,75.11,266.9,0.0
26.4569,75.15,266.9,0.0
26.3489,75.19,199.7,0.0
26.1714,75.55,1512.5,0.0
26.1714,75.59,1512.5,0.0
26.1894,75.51,1512.5,0.0
26.1894,75.53,1512.5,0.0
26.1894,75.55,1512.5,0.0
26.1894,75.57,1512.5,0.0
26.1894,75.59,1512.5,0.0
26.2075,75.51,970.8,0.0
26.2075,75.53,1512.5,0.0
26.2075,75.55,1512.5,0.0
26.2075,75.57,1512.5,0.0
26.2075,75.59,1512.5,0.0
26.2256,75.51,970.8,0.0
26.2256,75.53,1512.5,0.0
26.2256,75.55,1512.5,0.0
26.2256,75.57,1512.5,0.0
26.1714,75.57,1512.5,0.0
26.1714,75.53,1512.5,0.0
26.4931,75.23,664.5,0.0
26.1714,75.51,1512.5,0.0
26.1172,75.51,241.6,0.0
26.1172,75.53,241.6,0.0
26.1172,75.55,241.6,0.0
26.1172,75.57,241.6,0.0
26.1172,75.59,241.6,0.0
26.1353,75.51,241.6,0.0
26.1353,75.53,241.6,0.0
26.1353,75.55,241.6,0.0
26.1353,75.57,241.6,0.0
26.1353,75.59,241.6,0.0
26.1533,75.51,1512.5,0.0
26.1533,75.53,1512.5,0.0
26.1533,75.55,1512.5,0.0
26.1533,75.57,1512.5,0.0
26.1533,75.59,1512.5,0.0
26.4931,75.245,272.4,0.0
26.2256,75.59,1512.5,0.0
26.4569,75.17,266.9,0.0
26.4751,75.245,272.4,0.0
26.4751,75.21,272.4,0.0
26.4751,75.19,664.5,0.0
26.4751,75.17,664.5,0.0
26.4751,75.15,266.9,0.0
26.4751,75.13,266.9,0.0
26.4751,75.11,266.9,0.0
26.4751,75.09,266.9,0.0
26.4751,75.07,266.9,0.0
26.4751,75.05,266.9,0.0
26.4751,75.03,266.9,0.0
26.4751,75.01,266.9,0.0
26.4569,75.245,272.4,0.0
26.4569,75.23,272.4,0.0
26.4569,75.21,272.4,0.0
26.4569,75.19,272.4,0.0
26.4751,75.23,272.4,0.0
26.4931,75.01,303.4,0.0
26.2436,75.51,326.3,0.0
25.9,75.23,100.6,0.0
26.2436,75.53,326.3,0.0
26.2436,75.55,1512.5,0.0
26.2436,75.57,1512.5,0.0
26.4931,75.21,664.5,0.0
26.4931,75.19,664.5,0.0
26.4931,75.17,664.5,0.0
26.4931,75.15,303.4,0.0
26.4931,75.13,303.4,0.0
26.4931,75.11,303.4,0.0
26.4931,75.09,266.9,0.0
26.4931,75.07,266.9,0.0
26.4931,75.05,266.9,0.0
26.2436,75.59,1512.5,0.0
26.4931,75.03,266.9,0.0
25.9,75.21,100.6,0.0
26.3489,75.21,199.7,0.0
26.3489,75.17,199.7,0.0
26.509,75.03,303.4,0.0
26.5811,75.09,172.4,0.0
26.5811,75.05,172.4,0.0
26.5811,75.03,172.4,0.0
26.5811,75.01,303.4,0.0
26.563,75.245,877.1,0.0
26.563,75.23,877.1,0.0
26.563,75.21,877.1,0.0
26.563,75.19,172.4,0.0
26.563,75.17,172.4,0.0
26.563,75.15,172.4,0.0
26.563,75.13,172.4,0.0
26.563,75.11,664.5,0.0
26.563,75.09,172.4,0.0
26.563,75.07,172.4,0.0
26.563,75.05,172.4,0.0
26.563,75.03,303.4,0.0
26.5811,75.07,172.4,0.0
26.5811,75.11,172.4,0.0
26.545,75.245,172.4,0.0
26.5811,75.13,172.4,0.0
26.5991,75.17,141.2,0.0
26.5991,75.15,172.4,0.0
26.5991,75.13,172.4,0.0
26.5991,75.11,172.4,0.0
26.5991,75.09,172.4,0.0
26.5991,75.07,172.4,0.0
26.5991,75.05,172.4,0.0
26.5991,75.03,172.4,0.0
26.5991,75.01,172.4,0.0
26.5811,75.245,141.2,0.0
26.5811,75.23,877.1,0.0
26.5811,75.21,877.1,0.0
26.5811,75.19,877.1,0.0
26.5811,75.17,172.4,0.0
26.5811,75.15,172.4,0.0
26.563,75.01,303.4,0.0
26.545,75.23,172.4,0.0
26.5991,75.21,141.2,0.0
26.5284,75.11,664.5,0.0
26.5284,75.07,303.4,0.0
26.5284,75.05,303.4,0.0
26.5284,75.03,303.4,0.0
26.5284,75.01,303.4,0.0
26.509,75.245,664.5,0.0
26.509,75.23,664.5,0.0
26.509,75.21,664.5,0.0
26.509,75.19,664.5,0.0
26.509,75.17,664.5,0.0
26.509,75.15,664.5,0.0
26.509,75.13,303.4,0.0
26.509,75.11,303.4,0.0
26.509,75.09,303.4,0.0
26.509,75.07,303.4,0.0
26.509,75.05,303.4,0.0
26.5284,75.09,303.4,0.0
26.5284,75.13,664.5,0.0
26.545,75.21,172.4,0.0
26.5284,75.15,664.5,0.0
26.545,75.19,172.4,0.0
26.545,75.17,172.4,0.0
26.545,75.15,172.4,0.0
26.545,75.13,664.5,0.0
26.545,75.11,664.5,0.0
26.545,75.09,664.5,0.0
26.545,75.07,303.4,0.0
26.545,75.05,303.4,0.0
26.545,75.03,303.4,0.0
26.545,75.01,160.3,0.0
26.5284,75.245,664.5,0.0
26.5284,75.23,664.5,0.0
26.5284,75.21,664.5,0.0
26.5284,75.19,664.5,0.0
26.5284,75.17,664.5,0.0
26.5991,75.19,877.1,0.0
26.5991,75.23,141.2,0.0
26.3489,75.15,199.7,0.0
26.3308,75.05,234.1,0.0
26.3308,75.01,234.1,0.0
26.3132,75.245,199.7,0.0
26.3132,75.23,199.7,0.0
26.3132,75.21,199.7,0.0
26.3132,75.19,199.7,0.0
26.3132,75.17,199.7,0.0
26.3132,75.15,362.0,0.0
26.3132,75.13,362.0,0.0
26.3132,75.11,362.0,0.0
26.3132,75.09,362.0,0.0
26.3132,75.07,234.1,0.0
26.3132,75.05,234.1,0.0
26.3132,75.03,234.1,0.0
26.3132,75.01,648.5,0.0
26.2951,75.245,362.0,0.0
26.3308,75.03,234.1,0.0
26.3308,75.07,234.1,0.0
26.2951,75.21,199.7,0.0
26.3308,75.09,362.0,0.0
26.3489,75.13,199.7,0.0
26.3489,75.11,199.7,0.0
26.3489,75.09,199.7,0.0
26.3489,75.07,234.1,0.0
26.3489,75.05,234.1,0.0
26.3489,75.03,234.1,0.0
26.3489,75.01,234.1,0.0
26.3308,75.245,199.7,0.0
26.3308,75.23,199.7,0.0
26.3308,75.21,199.7,0.0
26.3308,75.19,199.7,0.0
26.3308,75.17,199.7,0.0
26.3308,75.15,199.7,0.0
26.3308,75.13,199.7,0.0
26.3308,75.11,199.7,0.0
26.2951,75.23,199.7,0.0
26.2951,75.19,362.0,0.0
26.5991,75.245,141.2,0.0
26.2771,75.07,234.1,0.0
26.2771,75.03,234.1,0.0
26.2771,75.01,648.5,0.0
26.259,75.245,362.0,0.0
26.259,75.23,362.0,0.0
26.259,75.21,362.0,0.0
26.259,75.19,362.0,0.0
26.259,75.17,362.0,0.0
26.259,75.15,362.0,0.0
26.259,75.13,362.0,0.0
26.259,75.11,234.1,0.0
26.259,75.09,234.1,0.0
26.259,75.07,234.1,0.0
26.259,75.05,234.1,0.0
25.9,75.24,100.6,0.0
26.259,75.01,648.5,0.0
26.2771,75.05,234.1,0.0
26.2771,75.09,234.1,0.0
26.2951,75.17,362.0,0.0
26.2771,75.11,362.0,0.0
26.2951,75.15,362.0,0.0
26.2951,75.13,362.0,0.0
26.2951,75.11,362.0,0.0
26.2951,75.09,234.1,0.0
26.2951,75.07,234.1,0.0
26.2951,75.05,234.1,0.0
26.2951,75.03,234.1,0.0
26.2951,75.01,648.5,0.0
26.2771,75.245,362.0,0.0
26.2771,75.23,362.0,0.0
26.2771,75.21,362.0,0.0
26.2771,75.19,362.0,0.0
26.2771,75.17,362.0,0.0
26.2771,75.15,362.0,0.0
26.2771,75.13,362.0,0.0
26.3132,75.26,199.7,0.0
25.759,73.8198,107.9,0.0
25.654,74.5499,400.8,0.0
26.5874,74.0429,356.6,0.0
26.1902,74.19,168.1,0.0
26.1902,74.17,168.1,0.0
26.1902,74.15,168.1,0.0
26.1902,74.13,168.1,0.0
26.1902,74.11,864.6,0.0
26.1902,74.09,864.6,0.0
26.1902,74.07,1244.9,0.0
26.1902,74.05,1244.9,0.0
26.1902,74.03,1244.9,0.0
26.1902,74.01,186.4,0.0
26.1721,74.25,168.1,0.0
26.1721,74.23,168.1,0.0
26.1721,74.21,168.1,0.0
26.1721,74.19,168.1,0.0
26.1721,74.17,168.1,0.0
26.1721,74.15,168.1,0.0
26.1721,74.13,168.1,0.0
26.1721,74.11,168.1,0.0
26.1721,74.09,1038.3,0.0
26.1721,74.07,1244.9,0.0
26.1721,74.05,1244.9,0.0
26.1721,74.03,1244.9,0.0
26.1721,74.01,186.4,0.0
26.1539,74.25,168.1,0.0
26.1539,74.23,168.1,0.0
26.1539,74.21,168.1,0.0
26.1539,74.19,168.1,0.0
26.1902,74.21,168.1,0.0
26.1902,74.23,168.1,0.0
26.1902,74.25,709.5,0.0
26.2264,74.03,1244.9,0.0
26.2445,74.01,134.2,0.0
26.2264,74.25,709.5,0.0
26.2264,74.23,709.5,0.0
26.2264,74.21,168.1,0.0
26.2264,74.19,168.1,0.0
26.2264,74.17,168.1,0.0
26.2264,74.15,168.1,0.0
26.2264,74.13,864.6,0.0
26.2264,74.11,864.6,0.0
26.2264,74.09,1244.9,0.0
26.2264,74.07,1244.9,0.0
26.2264,74.05,1244.9,0.0
26.2264,74.01,1244.9,0.0
26.2083,74.01,1244.9,0.0
26.2083,74.25,709.5,0.0
26.2083,74.23,709.5,0.0
26.2083,74.21,168.1,0.0
26.2083,74.19,168.1,0.0
26.2083,74.17,168.1,0.0
26.2083,74.15,168.1,0.0
26.2083,74.13,864.6,0.0
26.2083,74.11,864.6,0.0
26.2083,74.09,864.6,0.0
26.2083,74.07,1244.9,0.0
26.2083,74.05,1244.9,0.0
26.2083,74.03,1244.9,0.0
26.1539,74.17,168.1,0.0
26.1539,74.15,168.1,0.0
26.1539,74.13,168.1,0.0
26.0996,74.03,186.4,0.0
26.1177,74.01,186.4,0.0
26.0996,74.25,105.1,0.0
26.0996,74.23,105.1,0.0
26.0996,74.21,105.1,0.0
26.0996,74.19,105.1,0.0
26.0996,74.17,105.1,0.0
26.0996,74.15,105.1,0.0
26.0996,74.13,105.1,0.0
26.0996,74.11,186.4,0.0
26.0996,74.09,186.4,0.0
26.0996,74.07,186.4,0.0
26.0996,74.05,186.4,0.0
26.0996,74.01,186.4,0.0
26.1177,74.05,186.4,0.0
26.0815,74.25,135.6,0.0
26.0815,74.23,105.1,0.0
26.0815,74.21,105.1,0.0
26.0815,74.19,105.1,0.0
26.0815,74.17,105.1,0.0
26.0815,74.15,105.1,0.0
26.0815,74.13,105.1,0.0
26.0815,74.11,186.4,0.0
26.0815,74.09,186.4,0.0
26.0815,74.07,186.4,0.0
26.0815,74.05,186.4,0.0
26.0815,74.03,186.4,0.0
26.1177,74.03,186.4,0.0
26.1177,74.07,186.4,0.0
26.1539,74.11,105.1,0.0
26.1358,74.11,105.1,0.0
26.1539,74.09,105.1,0.0
26.1539,74.07,1244.9,0.0
26.1539,74.05,1244.9,0.0
26.1539,74.03,1244.9,0.0
26.1539,74.01,186.4,0.0
26.1358,74.25,168.1,0.0
26.1358,74.23,168.1,0.0
26.1358,74.21,168.1,0.0
26.1358,74.19,168.1,0.0
26.1358,74.17,105.1,0.0
26.1358,74.15,105.1,0.0
26.1358,74.13,105.1,0.0
26.1358,74.09,1244.9,0.0
26.1177,74.09,1244.9,0.0
26.1358,74.07,1244.9,0.0
26.1358,74.05,1244.9,0.0
26.1358,74.03,186.4,0.0
26.1358,74.01,186.4,0.0
26.1177,74.25,105.1,0.0
26.1177,74.23,168.1,0.0
26.1177,74.21,168.1,0.0
26.1177,74.19,105.1,0.0
26.1177,74.17,105.1,0.0
26.1177,74.15,105.1,0.0
26.1177,74.13,105.1,0.0
26.1177,74.11,1244.9,0.0
26.2445,74.03,134.2,0.0
26.2445,74.05,134.2,0.0
26.2445,74.07,134.2,0.0
26.5978,74.26,131.8,0.0
26.5978,74.495,193.6,0.0
26.5978,74.48,193.6,0.0
26.5978,74.46,193.6,0.0
26.5978,74.44,193.6,0.0
26.5978,74.42,193.6,0.0
26.5978,74.4,193.6,0.0
26.5978,74.38,193.6,0.0
26.5978,74.36,193.6,0.0
26.5978,74.34,193.6,0.0
26.5978,74.32,131.8,0.0
26.5978,74.3,131.8,0.0
26.5978,74.28,131.8,0.0
26.58,74.495,193.6,0.0
26.2589,74.28,709.5,0.0
26.58,74.48,193.6,0.0
26.58,74.46,193.6,0.0
26.58,74.44,193.6,0.0
26.58,74.42,193.6,0.0
26.58,74.4,193.6,0.0
26.58,74.38,193.6,0.0
26.58,74.36,193.6,0.0
26.58,74.34,193.6,0.0
26.58,74.32,193.6,0.0
26.58,74.3,131.8,0.0
26.58,74.28,131.8,0.0
26.58,74.26,131.8,0.0
26.2589,74.26,709.5,0.0
26.2589,74.3,709.5,0.0
26.5622,74.48,193.6,0.0
26.2767,74.34,709.5,0.0
26.2944,74.32,709.5,0.0
26.2944,74.3,709.5,0.0
26.2944,74.28,709.5,0.0
26.2944,74.26,709.5,0.0
26.2767,74.5,170.8,0.0
26.2767,74.48,170.8,0.0
26.2767,74.46,170.8,0.0
26.2767,74.44,170.8,0.0
26.2767,74.42,336.1,0.0
26.2767,74.4,336.1,0.0
26.2767,74.38,336.1,0.0
26.2767,74.36,709.5,0.0
26.2767,74.32,709.5,0.0
26.2589,74.32,709.5,0.0
26.2767,74.3,709.5,0.0
26.2767,74.28,709.5,0.0
26.2767,74.26,709.5,0.0
26.2589,74.5,170.8,0.0
26.2589,74.48,170.8,0.0
26.2589,74.46,170.8,0.0
26.2589,74.44,170.8,0.0
26.2589,74.42,170.8,0.0
26.2589,74.4,336.1,0.0
26.2589,74.38,709.5,0.0
26.2589,74.36,709.5,0.0
26.2589,74.34,709.5,0.0
26.5622,74.495,193.6,0.0
26.5622,74.46,193.6,0.0
26.2445,74.09,134.2,0.0
26.5089,74.36,1146.3,0.0
26.5267,74.34,1146.3,0.0
26.5267,74.32,1146.3,0.0
26.5267,74.3,1146.3,0.0
26.5267,74.28,1146.3,0.0
26.5267,74.26,193.6,0.0
26.5089,74.495,278.9,0.0
26.5089,74.48,1146.3,0.0
26.5089,74.46,278.9,0.0
26.5089,74.44,278.9,0.0
26.5089,74.42,1146.3,0.0
26.5089,74.4,1146.3,0.0
26.5089,74.38,1146.3,0.0
26.5089,74.34,1146.3,0.0
26.5267,74.38,1146.3,0.0
26.5089,74.32,1146.3,0.0
26.5089,74.3,1146.3,0.0
26.5089,74.28,1146.3,0.0
26.5089,74.26,1146.3,0.0
26.2445,74.25,709.5,0.0
26.2445,74.23,709.5,0.0
26.2445,74.21,864.6,0.0
26.2445,74.19,168.1,0.0
26.2445,74.17,168.1,0.0
26.2445,74.15,864.6,0.0
26.2445,74.13,864.6,0.0
26.2445,74.11,864.6,0.0
26.5267,74.36,1146.3,0.0
26.5267,74.4,1146.3,0.0
26.5622,74.44,193.6,0.0
26.5444,74.44,1146.3,0.0
26.5622,74.42,193.6,0.0
26.5622,74.4,193.6,0.0
26.5622,74.38,193.6,0.0
26.5622,74.36,193.6,0.0
26.5622,74.34,193.6,0.0
26.5622,74.32,193.6,0.0
26.5622,74.3,193.6,0.0
26.5622,74.28,193.6,0.0
26.5622,74.26,356.6,0.0
26.5444,74.495,193.6,0.0
26.5444,74.48,193.6,0.0
26.5444,74.46,193.6,0.0
26.5444,74.42,1146.3,0.0
26.5267,74.42,1146.3,0.0
26.5444,74.4,193.6,0.0
26.5444,74.38,193.6,0.0
26.5444,74.36,1146.3,0.0
26.5444,74.34,1146.3,0.0
26.5444,74.32,1146.3,0.0
26.5444,74.3,1146.3,0.0
26.5444,74.28,1146.3,0.0
26.5444,74.26,193.6,0.0
26.5267,74.495,193.6,0.0
26.5267,74.48,1146.3,0.0
26.5267,74.46,1146.3,0.0
26.5267,74.44,1146.3,0.0
26.0815,74.01,4193.2,0.0
26.0634,74.25,135.6,0.0
26.0634,74.23,105.1,0.0
26.3492,74.05,2187.5,0.0
26.3672,74.03,2187.5,0.0
26.3672,74.01,2187.5,0.0
26.3492,74.2444,864.6,0.0
26.3492,74.23,864.6,0.0
26.3492,74.21,864.6,0.0
26.3492,74.19,169.4,0.0
26.3492,74.17,169.4,0.0
26.3492,74.15,169.4,0.0
26.3492,74.13,169.4,0.0
26.3492,74.11,169.4,0.0
26.3492,74.09,169.4,0.0
26.3492,74.07,2187.5,0.0
26.3492,74.03,2187.5,0.0
26.3672,74.07,169.4,0.0
26.3492,74.01,2187.5,0.0
26.3311,74.2444,864.6,0.0
26.3311,74.23,864.6,0.0
26.3311,74.21,864.6,0.0
26.3311,74.19,864.6,0.0
26.3311,74.17,169.4,0.0
26.3311,74.15,134.2,0.0
26.3311,74.13,169.4,0.0
26.3311,74.11,169.4,0.0
26.3311,74.09,169.4,0.0
26.3311,74.07,2187.5,0.0
26.3311,74.05,2187.5,0.0
26.3672,74.05,2187.5,0.0
26.3672,74.09,169.4,0.0
26.3311,74.01,2187.5,0.0
26.3853,74.13,169.4,0.0
26.4033,74.11,1729.6,0.0
26.4033,74.09,1844.8,0.0
26.4033,74.07,1844.8,0.0
26.4033,74.05,1844.8,0.0
26.4033,74.03,1844.8,0.0
26.4033,74.01,1844.8,0.0
26.3853,74.2444,1601.2,0.0
26.3853,74.23,864.6,0.0
26.3853,74.21,169.4,0.0
26.3853,74.19,169.4,0.0
26.3853,74.17,169.4,0.0
26.3853,74.15,169.4,0.0
26.3853,74.11,169.4,0.0
26.3672,74.11,169.4,0.0
26.3853,74.09,169.4,0.0
26.3853,74.07,169.4,0.0
26.3853,74.05,169.4,0.0
26.3853,74.03,169.4,0.0
26.3853,74.01,169.4,0.0
26.3672,74.2444,864.6,0.0
26.3672,74.23,864.6,0.0
26.3672,74.21,169.4,0.0
26.3672,74.19,169.4,0.0
26.3672,74.17,169.4,0.0
26.3672,74.15,169.4,0.0
26.3672,74.13,169.4,0.0
26.3311,74.03,2187.5,0.0
26.3131,74.2444,709.5,0.0
26.4033,74.15,169.4,0.0
26.2589,74.07,134.2,0.0
26.2769,74.07,134.2,0.0
26.2769,74.06,134.2,0.0
26.2769,74.03,134.2,0.0
26.2769,74.01,134.2,0.0
26.2589,74.2444,709.5,0.0
26.2589,74.23,864.6,0.0
26.2589,74.21,864.6,0.0
26.2589,74.17,168.1,0.0
26.2589,74.15,864.6,0.0
26.2589,74.13,864.6,0.0
26.2589,74.11,134.2,0.0
26.2589,74.09,134.2,0.0
26.2589,74.05,134.2,0.0
26.2769,74.11,134.2,0.0
26.2589,74.03,134.2,0.0
26.2589,74.01,134.2,0.0
26.5984,74.1674,356.6,0.0
26.5974,74.0291,356.6,0.0
26.5834,74.2267,356.6,0.0
26.5775,74.2084,356.6,0.0
26.5827,74.1844,356.6,0.0
26.5838,74.1634,356.6,0.0
26.5794,74.1453,356.6,0.0
26.5748,74.1236,356.6,0.0
26.5791,74.1116,356.6,0.0
26.5887,74.086,356.6,0.0
26.2769,74.09,134.2,0.0
26.2769,74.15,864.6,0.0
26.3131,74.23,864.6,0.0
26.295,74.23,864.6,0.0
26.3131,74.21,864.6,0.0
26.3131,74.19,864.6,0.0
26.3131,74.17,864.6,0.0
26.3131,74.15,134.2,0.0
26.3131,74.13,134.2,0.0
26.3131,74.11,134.2,0.0
26.3131,74.09,134.2,0.0
26.3131,74.07,134.2,0.0
26.3131,74.05,134.2,0.0
26.3131,74.03,2187.5,0.0
26.3131,74.01,2187.5,0.0
26.295,74.2444,709.5,0.0
26.295,74.21,864.6,0.0
26.2769,74.17,864.6,0.0
26.295,74.19,864.6,0.0
26.295,74.17,864.6,0.0
26.295,74.15,864.6,0.0
26.295,74.11,134.2,0.0
26.295,74.09,134.2,0.0
26.295,74.07,134.2,0.0
26.295,74.05,134.2,0.0
26.295,74.03,134.2,0.0
26.295,74.01,134.2,0.0
26.2769,74.2444,709.5,0.0
26.2769,74.23,864.6,0.0
26.2769,74.21,864.6,0.0
26.4033,74.13,169.4,0.0
26.4033,74.17,169.4,0.0
26.0634,74.21,105.1,0.0
26.0091,74.13,124.8,0.0
26.0272,74.11,124.8,0.0
26.0272,74.09,124.8,0.0
26.0272,74.07,124.8,0.0
26.0272,74.05,571.0,0.0
26.0272,74.03,571.0,0.0
26.0272,74.01,571.0,0.0
26.0091,74.25,135.6,0.0
26.0091,74.23,135.6,0.0
26.0091,74.21,124.8,0.0
26.0091,74.19,124.8,0.0
26.0091,74.17,124.8,0.0
26.0091,74.15,124.8,0.0
26.0091,74.11,124.8,0.0
26.0272,74.15,124.8,0.0
26.0091,74.09,315.2,0.0
26.0091,74.07,315.2,0.0
26.0091,74.05,571.0,0.0
26.0091,74.03,571.0,0.0
26.0091,74.01,571.0,0.0
26.4936,74.2444,118.7,0.0
26.4936,74.23,1601.2,0.0
26.4936,74.21,1601.2,0.0
26.4936,74.19,1601.2,0.0
26.4936,74.17,1601.2,0.0
26.4936,74.15,1729.6,0.0
26.4936,74.13,1729.6,0.0
26.0272,74.13,124.8,0.0
26.0272,74.17,124.8,0.0
26.4936,74.09,1729.6,0.0
26.0453,74.21,124.8,0.0
26.0634,74.19,105.1,0.0
26.0634,74.17,105.1,0.0
26.0634,74.15,124.8,0.0
26.0634,74.13,124.8,0.0
26.0634,74.11,124.8,0.0
26.0634,74.09,571.0,0.0
26.0634,74.07,571.0,0.0
26.0634,74.05,571.0,0.0
26.0634,74.03,571.0,0.0
26.0634,74.01,571.0,0.0
26.0453,74.25,135.6,0.0
26.0453,74.23,135.6,0.0
26.0453,74.19,124.8,0.0
26.0272,74.19,124.8,0.0
26.0453,74.17,124.8,0.0
26.0453,74.15,124.8,0.0
26.0453,74.13,124.8,0.0
26.0453,74.11,124.8,0.0
26.0453,74.09,124.8,0.0
26.0453,74.07,571.0,0.0
26.0453,74.05,571.0,0.0
26.0453,74.03,571.0,0.0
26.0453,74.01,571.0,0.0
26.0272,74.25,135.6,0.0
26.0272,74.23,135.6,0.0
26.0272,74.21,124.8,0.0
26.4936,74.11,1729.6,0.0
26.4936,74.07,1844.8,0.0
26.4033,74.19,169.4,0.0
26.4214,74.21,169.4,0.0
26.4394,74.19,169.4,0.0
26.4394,74.17,1729.6,0.0
26.4394,74.15,1729.6,0.0
26.4394,74.13,1729.6,0.0
26.4394,74.11,1729.6,0.0
26.4394,74.09,1729.6,0.0
26.4394,74.07,1729.6,0.0
26.4394,74.05,1844.8,0.0
26.4394,74.03,1844.8,0.0
26.4394,74.01,1844.8,0.0
26.4214,74.2444,1601.2,0.0
26.4214,74.23,169.4,0.0
26.4214,74.19,169.4,0.0
26.4394,74.23,1601.2,0.0
26.4214,74.17,169.4,0.0
26.4214,74.15,1729.6,0.0
26.4214,74.13,1729.6,0.0
26.4214,74.11,1729.6,0.0
26.4214,74.09,1729.6,0.0
26.4214,74.07,1729.6,0.0
26.4214,74.05,1844.8,0.0
26.4214,74.03,1844.8,0.0
26.4214,74.01,1844.8,0.0
26.4033,74.2444,1601.2,0.0
26.4033,74.23,169.4,0.0
26.4033,74.21,169.4,0.0
26.4394,74.21,169.4,0.0
26.4394,74.2444,1601.2,0.0
26.4936,74.05,1844.8,0.0
26.4756,74.05,1844.8,0.0
26.4936,74.03,170.4,0.0
26.4936,74.01,1844.8,0.0
26.4756,74.2444,1601.2,0.0
26.4756,74.23,1601.2,0.0
26.4756,74.21,1601.2,0.0
26.4756,74.19,1601.2,0.0
26.4756,74.17,1601.2,0.0
26.4756,74.15,1729.6,0.0
26.4756,74.13,1729.6,0.0
26.4756,74.11,1729.6,0.0
26.4756,74.09,1729.6,0.0
26.4756,74.07,1844.8,0.0
26.4756,74.03,1844.8,0.0
26.4575,74.01,1844.8,0.0
26.4756,74.01,1844.8,0.0
26.4575,74.2444,1601.2,0.0
26.4575,74.23,1601.2,0.0
26.4575,74.21,1601.2,0.0
26.4575,74.19,1601.2,0.0
26.4575,74.17,1601.2,0.0
26.4575,74.15,1729.6,0.0
26.4575,74.13,1729.6,0.0
26.4575,74.09,1729.6,0.0
26.4575,74.07,1729.6,0.0
26.4575,74.05,1844.8,0.0
26.4575,74.03,1844.8,0.0
26.2944,74.34,709.5,0.0
26.2944,74.36,336.1,0.0
26.2944,74.38,336.1,0.0
26.2447,74.32,709.5,0.0
26.5092,74.55,145.9,0.0
26.5092,74.5294,145.9,0.0
26.5092,74.51,278.9,0.0
26.2447,74.5,170.8,0.0
26.2447,74.48,170.8,0.0
26.2447,74.46,170.8,0.0
26.2447,74.44,170.8,0.0
26.2447,74.42,126.4,0.0
26.2447,74.4,126.4,0.0
26.2447,74.38,126.4,0.0
26.2447,74.36,126.4,0.0
26.2447,74.34,709.5,0.0
26.2447,74.3,709.5,0.0
26.5092,74.5906,145.9,0.0
26.2447,74.28,709.5,0.0
26.2447,74.26,709.5,0.0
26.2264,74.5,170.8,0.0
26.2264,74.48,170.8,0.0
26.2264,74.46,170.8,0.0
26.2264,74.44,126.4,0.0
26.2264,74.42,126.4,0.0
26.2264,74.4,126.4,0.0
26.2264,74.38,126.4,0.0
26.2264,74.36,126.4,0.0
26.2264,74.34,126.4,0.0
26.2264,74.32,709.5,0.0
26.5092,74.57,145.9,0.0
26.5092,74.6117,174.4,0.0
26.2264,74.28,709.5,0.0
26.5278,74.6708,172.4,0.0
26.5456,74.6514,172.4,0.0
26.5456,74.6317,172.4,0.0
26.5456,74.6117,172.4,0.0
26.5456,74.5906,145.9,0.0
26.5456,74.57,145.9,0.0
26.5456,74.55,145.9,0.0
26.5456,74.5294,145.9,0.0
26.5456,74.51,193.6,0.0
26.5278,74.7456,149.9,0.0
26.5278,74.7311,149.9,0.0
26.5278,74.7111,149.9,0.0
26.5278,74.6908,172.4,0.0
26.5278,74.6514,172.4,0.0
26.5092,74.6317,174.4,0.0
26.5278,74.6317,172.4,0.0
26.5278,74.6117,145.9,0.0
26.5278,74.5906,145.9,0.0
26.5278,74.57,145.9,0.0
26.5278,74.55,145.9,0.0
26.5278,74.5294,145.9,0.0
26.5278,74.51,278.9,0.0
26.5092,74.7456,149.9,0.0
26.5092,74.7311,149.9,0.0
26.5092,74.7111,149.9,0.0
26.5092,74.6708,172.4,0.0
26.5092,74.6514,172.4,0.0
26.2264,74.3,709.5,0.0
26.2264,74.26,709.5,0.0
26.5456,74.6908,172.4,0.0
26.1539,74.42,340.8,0.0
26.1721,74.4,126.4,0.0
26.1721,74.38,396.9,0.0
26.1721,74.36,396.9,0.0
26.1721,74.34,396.9,0.0
26.1721,74.32,396.9,0.0
26.1721,74.3,396.9,0.0
26.1721,74.28,709.5,0.0
26.1721,74.26,168.1,0.0
26.1539,74.5,162.8,0.0
26.1539,74.48,162.8,0.0
26.1539,74.46,126.4,0.0
26.1539,74.44,126.4,0.0
26.1539,74.4,340.8,0.0
26.1721,74.44,126.4,0.0
26.1539,74.38,340.8,0.0
26.1539,74.36,340.8,0.0
26.1539,74.34,340.8,0.0
26.1539,74.32,396.9,0.0
26.1539,74.3,396.9,0.0
26.1539,74.28,168.1,0.0
26.1539,74.26,168.1,0.0
26.1358,74.5,162.8,0.0
26.1358,74.48,162.8,0.0
26.1358,74.46,162.8,0.0
26.1358,74.44,340.8,0.0
26.1358,74.42,340.8,0.0
26.1721,74.42,126.4,0.0
26.1721,74.46,126.4,0.0
26.2083,74.5,170.8,0.0
26.1902,74.5,126.4,0.0
26.2083,74.48,170.8,0.0
26.2083,74.46,126.4,0.0
26.2083,74.44,126.4,0.0
26.2083,74.42,126.4,0.0
26.2083,74.4,126.4,0.0
26.2083,74.38,126.4,0.0
26.2083,74.36,126.4,0.0
26.2083,74.34,126.4,0.0
26.2083,74.32,396.9,0.0
26.2083,74.3,709.5,0.0
26.2083,74.28,709.5,0.0
26.2083,74.26,709.5,0.0
26.1902,74.48,126.4,0.0
26.1721,74.48,126.4,0.0
26.1902,74.46,126.4,0.0
26.1902,74.44,126.4,0.0
26.1902,74.42,126.4,0.0
26.1902,74.4,126.4,0.0
26.1902,74.38,126.4,0.0
26.1902,74.36,126.4,0.0
26.1902,74.34,396.9,0.0
26.1902,74.32,396.9,0.0
26.1902,74.3,709.5,0.0
26.1902,74.28,709.5,0.0
26.1902,74.26,709.5,0.0
26.1721,74.5,157.0,0.0
26.5456,74.6708,172.4,0.0
26.5456,74.7111,261.4,0.0
26.1358,74.38,340.8,0.0
26.295,74.6506,157.0,0.0
26.3131,74.6303,157.0,0.0
26.3131,74.6103,344.6,0.0
26.3131,74.5903,344.6,0.0
26.3131,74.57,336.1,0.0
26.3131,74.5502,336.1,0.0
26.3131,74.53,336.1,0.0
26.3131,74.51,170.8,0.0
26.295,74.75,305.6,0.0
26.295,74.7308,157.0,0.0
26.295,74.7108,157.0,0.0
26.295,74.6906,157.0,0.0
26.295,74.6706,157.0,0.0
26.295,74.6303,157.0,0.0
26.3131,74.6706,157.0,0.0
26.295,74.6103,157.0,0.0
26.295,74.5903,170.8,0.0
26.295,74.57,336.1,0.0
26.295,74.5502,336.1,0.0
26.295,74.53,170.8,0.0
26.295,74.51,170.8,0.0
26.2769,74.75,157.0,0.0
26.2769,74.7308,157.0,0.0
26.2769,74.7108,157.0,0.0
26.2769,74.6906,157.0,0.0
26.2769,74.6706,157.0,0.0
26.2769,74.6506,157.0,0.0
26.3131,74.6506,157.0,0.0
26.3131,74.6906,157.0,0.0
26.2769,74.6103,157.0,0.0
26.3311,74.75,305.6,0.0
26.3492,74.7308,305.6,0.0
26.3492,74.7108,305.6,0.0
26.3492,74.6906,157.0,0.0
26.3492,74.6706,157.0,0.0
26.3492,74.6506,157.0,0.0
26.3492,74.6303,344.6,0.0
26.3492,74.6103,344.6,0.0
26.3492,74.5903,344.6,0.0
26.3492,74.57,344.6,0.0
26.3492,74.5502,344.6,0.0
26.3492,74.53,336.1,0.0
26.3492,74.51,336.1,0.0
26.3311,74.7308,305.6,0.0
26.3131,74.7108,157.0,0.0
26.3311,74.7108,157.0,0.0
26.3311,74.6906,157.0,0.0
26.3311,74.6706,157.0,0.0
26.3311,74.6506,157.0,0.0
26.3311,74.6303,344.6,0.0
26.3311,74.6103,344.6,0.0
26.3311,74.5903,344.6,0.0
26.3311,74.57,344.6,0.0
26.3311,74.5502,336.1,0.0
26.3311,74.53,336.1,0.0
26.3311,74.51,336.1,0.0
26.3131,74.75,305.6,0.0
26.2769,74.6303,157.0,0.0
26.2769,74.5903,170.8,0.0
26.5456,74.7311,261.4,0.0
26.5633,74.7456,261.4,0.0
26.5817,74.7311,261.4,0.0
26.5817,74.7111,172.4,0.0
26.5817,74.6908,172.4,0.0
26.5817,74.6708,172.4,0.0
26.5817,74.6514,172.4,0.0
26.5817,74.6317,145.9,0.0
26.5817,74.6117,145.9,0.0
26.5817,74.5906,145.9,0.0
26.5817,74.57,145.9,0.0
26.5817,74.55,193.6,0.0
26.5817,74.5294,193.6,0.0
26.5817,74.51,193.6,0.0
26.5633,74.7311,261.4,0.0
26.5997,74.51,111.2,0.0
26.5633,74.7111,172.4,0.0
26.5633,74.6908,172.4,0.0
26.5633,74.6708,172.4,0.0
26.5633,74.6514,172.4,0.0
26.5633,74.6317,172.4,0.0
26.5633,74.6117,145.9,0.0
26.5633,74.5906,145.9,0.0
26.5633,74.57,145.9,0.0
26.5633,74.55,145.9,0.0
26.5633,74.5294,193.6,0.0
26.5633,74.51,193.6,0.0
26.5456,74.7456,149.9,0.0
26.5817,74.7456,261.4,0.0
26.5997,74.5294,193.6,0.0
26.2769,74.57,170.8,0.0
26.2589,74.57,170.8,0.0
26.2769,74.5502,170.8,0.0
26.2769,74.53,170.8,0.0
26.2769,74.51,170.8,0.0
26.2589,74.75,157.0,0.0
26.2589,74.7308,157.0,0.0
26.2589,74.7108,157.0,0.0
26.2589,74.6906,157.0,0.0
26.2589,74.6706,157.0,0.0
26.2589,74.6506,157.0,0.0
26.2589,74.6303,157.0,0.0
26.2589,74.6103,157.0,0.0
26.2589,74.5903,170.8,0.0
26.2589,74.5502,170.8,0.0
26.5997,74.55,111.2,0.0
26.2589,74.53,170.8,0.0
26.2589,74.51,170.8,0.0
26.5997,74.7456,261.4,0.0
26.5997,74.7311,172.4,0.0
26.5997,74.7111,172.4,0.0
26.5997,74.6908,172.4,0.0
26.5997,74.6708,172.4,0.0
26.5997,74.6514,145.9,0.0
26.5997,74.6317,145.9,0.0
26.5997,74.6117,145.9,0.0
26.5997,74.5906,145.9,0.0
26.5997,74.57,145.9,0.0
26.1358,74.4,340.8,0.0
26.1358,74.36,340.8,0.0
26.2944,74.4,336.1,0.0
26.4017,74.32,118.7,0.0
26.4194,74.3,118.7,0.0
26.4194,74.28,1601.2,0.0
26.4194,74.26,1601.2,0.0
26.4017,74.5,344.6,0.0
26.4017,74.48,344.6,0.0
26.4017,74.46,344.6,0.0
26.4017,74.44,344.6,0.0
26.4017,74.42,344.6,0.0
26.4017,74.4,344.6,0.0
26.4017,74.38,336.1,0.0
26.4017,74.36,732.7,0.0
26.4017,74.34,118.7,0.0
26.4017,74.3,118.7,0.0
26.4194,74.34,118.7,0.0
26.4017,74.28,1601.2,0.0
26.4017,74.26,1601.2,0.0
26.3839,74.5,344.6,0.0
26.3839,74.48,344.6,0.0
26.3839,74.46,344.6,0.0
26.3839,74.44,344.6,0.0
26.3839,74.42,344.6,0.0
26.3839,74.4,344.6,0.0
26.3839,74.38,336.1,0.0
26.3839,74.36,118.7,0.0
26.3839,74.34,118.7,0.0
26.3839,74.32,118.7,0.0
26.4194,74.32,118.7,0.0
26.4194,74.36,732.7,0.0
26.3839,74.28,1601.2,0.0
26.4375,74.4,732.7,0.0
26.4553,74.38,732.7,0.0
26.4553,74.36,732.7,0.0
26.4553,74.34,118.7,0.0
26.4553,74.32,118.7,0.0
26.4553,74.3,118.7,0.0
26.4553,74.28,118.7,0.0
26.4553,74.26,1601.2,0.0
26.4375,74.5,278.9,0.0
26.4375,74.48,278.9,0.0
26.4375,74.46,278.9,0.0
26.4375,74.44,732.7,0.0
26.4375,74.42,732.7,0.0
26.4375,74.38,732.7,0.0
26.4194,74.38,732.7,0.0
26.4375,74.36,732.7,0.0
26.4375,74.34,118.7,0.0
26.4375,74.32,118.7,0.0
26.4375,74.3,118.7,0.0
26.4375,74.28,1601.2,0.0
26.4375,74.26,1601.2,0.0
26.4194,74.5,344.6,0.0
26.4194,74.48,278.9,0.0
26.4194,74.46,344.6,0.0
26.4194,74.44,732.7,0.0
26.4194,74.42,732.7,0.0
26.4194,74.4,732.7,0.0
26.3839,74.3,1601.2,0.0
26.3839,74.26,1601.2,0.0
26.4553,74.42,278.9,0.0
26.3125,74.42,336.1,0.0
26.3303,74.4,336.1,0.0
26.3303,74.38,336.1,0.0
26.3303,74.36,336.1,0.0
26.3303,74.34,118.7,0.0
26.3303,74.32,118.7,0.0
26.3303,74.3,709.5,0.0
26.3303,74.28,709.5,0.0
26.3303,74.26,709.5,0.0
26.3125,74.5,170.8,0.0
26.3125,74.48,170.8,0.0
26.3125,74.46,170.8,0.0
26.3125,74.44,170.8,0.0
26.3125,74.4,336.1,0.0
26.3303,74.44,336.1,0.0
26.3125,74.38,336.1,0.0
26.3125,74.36,336.1,0.0
26.3125,74.34,709.5,0.0
26.3125,74.32,709.5,0.0
26.3125,74.3,709.5,0.0
26.3125,74.28,709.5,0.0
26.3125,74.26,709.5,0.0
26.2944,74.5,170.8,0.0
26.2944,74.48,170.8,0.0
26.2944,74.46,170.8,0.0
26.2944,74.44,170.8,0.0
26.2944,74.42,336.1,0.0
26.3303,74.42,336.1,0.0
26.3303,74.46,336.1,0.0
26.3658,74.5,344.6,0.0
26.3481,74.5,336.1,0.0
26.3658,74.48,344.6,0.0
26.3658,74.46,344.6,0.0
26.3658,74.44,344.6,0.0
26.3658,74.42,344.6,0.0
26.3658,74.4,336.1,0.0
26.3658,74.38,336.1,0.0
26.3658,74.36,118.7,0.0
26.3658,74.34,118.7,0.0
26.3658,74.32,118.7,0.0
26.3658,74.3,1601.2,0.0
26.3658,74.28,1601.2,0.0
26.3658,74.26,864.6,0.0
26.3481,74.48,336.1,0.0
26.3303,74.48,336.1,0.0
26.3481,74.46,336.1,0.0
26.3481,74.44,336.1,0.0
26.3481,74.42,336.1,0.0
26.3481,74.4,336.1,0.0
26.3481,74.38,336.1,0.0
26.3481,74.36,336.1,0.0
26.3481,74.34,118.7,0.0
26.3481,74.32,118.7,0.0
26.3481,74.3,1601.2,0.0
26.3481,74.28,864.6,0.0
26.3481,74.26,864.6,0.0
26.3303,74.5,336.1,0.0
26.4553,74.4,278.9,0.0
26.4553,74.44,278.9,0.0
26.1358,74.34,340.8,0.0
26.0634,74.38,340.8,0.0
26.0815,74.4,340.8,0.0
26.0815,74.36,340.8,0.0
26.0815,74.34,340.8,0.0
26.0815,74.3,340.8,0.0
26.0815,74.28,340.8,0.0
26.0815,74.26,135.6,0.0
26.0634,74.5,162.8,0.0
26.0634,74.48,162.8,0.0
26.0634,74.46,162.8,0.0
26.0634,74.44,162.8,0.0
26.0634,74.42,162.8,0.0
26.0634,74.4,340.8,0.0
26.0634,74.36,340.8,0.0
26.0815,74.44,162.8,0.0
26.0634,74.34,340.8,0.0
26.0634,74.32,340.8,0.0
26.0634,74.3,340.8,0.0
26.0634,74.28,135.6,0.0
26.0634,74.26,135.6,0.0
26.0453,74.5,162.8,0.0
26.0453,74.48,162.8,0.0
26.0453,74.46,162.8,0.0
26.0453,74.44,162.8,0.0
26.0453,74.42,162.8,0.0
26.0453,74.4,162.8,0.0
26.0453,74.38,340.8,0.0
26.0815,74.42,162.8,0.0
26.0815,74.46,162.8,0.0
26.0453,74.34,340.8,0.0
26.1177,74.3,340.8,0.0
26.1358,74.32,396.9,0.0
26.1358,74.3,396.9,0.0
26.1358,74.28,396.9,0.0
26.1358,74.26,168.1,0.0
26.1177,74.5,162.8,0.0
26.1177,74.48,162.8,0.0
26.1177,74.46,162.8,0.0
26.1177,74.44,162.8,0.0
26.1177,74.42,340.8,0.0
26.1177,74.4,340.8,0.0
26.1177,74.38,340.8,0.0
26.1177,74.36,340.8,0.0
26.1177,74.28,340.8,0.0
26.0815,74.48,162.8,0.0
26.1177,74.26,340.8,0.0
26.0996,74.5,162.8,0.0
26.0996,74.48,162.8,0.0
26.0996,74.46,162.8,0.0
26.0996,74.44,162.8,0.0
26.0996,74.42,340.8,0.0
26.0996,74.4,340.8,0.0
26.0996,74.38,340.8,0.0
26.0996,74.36,340.8,0.0
26.0996,74.28,340.8,0.0
26.0996,74.26,340.8,0.0
26.0815,74.5,162.8,0.0
26.0453,74.36,340.8,0.0
26.0453,74.32,340.8,0.0
26.4553,74.46,278.9,0.0
26.4731,74.48,278.9,0.0
26.4908,74.46,278.9,0.0
26.4908,74.44,278.9,0.0
26.4908,74.42,278.9,0.0
26.4908,74.4,1146.3,0.0
26.4908,74.38,1146.3,0.0
26.4908,74.36,1146.3,0.0
26.4908,74.34,1146.3,0.0
26.4908,74.32,1146.3,0.0
26.4908,74.3,1146.3,0.0
26.4908,74.28,118.7,0.0
26.4908,74.26,118.7,0.0
26.4731,74.5,278.9,0.0
26.4731,74.46,278.9,0.0
26.4908,74.5,278.9,0.0
26.4731,74.44,278.9,0.0
26.4731,74.42,278.9,0.0
26.4731,74.4,278.9,0.0
26.4731,74.38,278.9,0.0
26.4731,74.36,1146.3,0.0
26.4731,74.34,1146.3,0.0
26.4731,74.32,118.7,0.0
26.4731,74.3,118.7,0.0
26.4731,74.28,118.7,0.0
26.4731,74.26,118.7,0.0
26.4553,74.5,278.9,0.0
26.4553,74.48,278.9,0.0
26.4908,74.48,278.9,0.0
26.0091,74.26,135.6,0.0
26.0453,74.3,340.8,0.0
26.0272,74.3,135.6,0.0
26.0453,74.28,135.6,0.0
26.0453,74.26,135.6,0.0
26.0272,74.5,295.3,0.0
26.0272,74.48,162.8,0.0
26.0272,74.46,162.8,0.0
26.0272,74.44,162.8,0.0
26.0272,74.42,162.8,0.0
26.0272,74.4,136.1,0.0
26.0272,74.38,136.1,0.0
26.0272,74.36,340.8,0.0
26.0272,74.34,340.8,0.0
26.0272,74.32,340.8,0.0
26.0272,74.28,135.6,0.0
26.0091,74.28,135.6,0.0
26.0272,74.26,135.6,0.0
26.0091,74.5,295.3,0.0
26.0091,74.48,295.3,0.0
26.0091,74.46,295.3,0.0
26.0091,74.44,295.3,0.0
26.0091,74.42,136.1,0.0
26.0091,74.4,136.1,0.0
26.0091,74.38,136.1,0.0
26.0091,74.36,340.8,0.0
26.0091,74.34,340.8,0.0
26.0091,74.32,135.6,0.0
26.0091,74.3,135.6,0.0
26.5819,74.0632,356.6,0.0
26.5878,74.0226,356.6,0.0
25.6359,74.5297,400.8,0.0
26.5791,74.0042,170.4,0.0
25.3315,73.9784,162.0,0.0
25.3315,73.9584,162.0,0.0
25.3315,73.9385,162.0,0.0
25.3315,73.9186,162.0,0.0
25.3315,73.8987,162.0,0.0
25.3315,73.879,162.0,0.0
25.3315,73.8592,162.0,0.0
25.3315,73.8395,162.0,0.0
25.3315,73.8197,162.0,0.0
25.3135,74.0,278.6,0.0
25.3135,73.9784,278.6,0.0
25.3135,73.9584,162.0,0.0
25.3135,73.9385,162.0,0.0
25.3135,73.9186,162.0,0.0
25.3135,73.8987,162.0,0.0
25.3135,73.879,162.0,0.0
25.3135,73.8592,162.0,0.0
25.3135,73.8395,162.0,0.0
25.3135,73.8197,162.0,0.0
25.2953,74.0,278.6,0.0
25.2953,73.9784,278.6,0.0
25.2953,73.9584,162.0,0.0
25.2953,73.9385,162.0,0.0
25.2953,73.9186,278.6,0.0
25.2953,73.8987,278.6,0.0
25.2953,73.879,162.0,0.0
25.2953,73.8592,162.0,0.0
25.3315,74.0,278.6,0.0
25.35,73.8197,162.0,0.0
25.35,73.8395,162.0,0.0
25.3677,73.9385,174.8,0.0
25.3858,73.9784,174.8,0.0
25.3858,73.9584,174.8,0.0
25.3858,73.9385,174.8,0.0
25.3858,73.9186,174.8,0.0
25.3858,73.8987,174.8,0.0
25.3858,73.879,174.8,0.0
25.3858,73.8592,174.8,0.0
25.3858,73.8395,174.8,0.0
25.3858,73.8197,174.8,0.0
25.3677,74.0,190.5,0.0
25.3677,73.9784,174.8,0.0
25.3677,73.9584,174.8,0.0
25.3677,73.9186,162.0,0.0
25.35,73.8592,162.0,0.0
25.3677,73.8987,174.8,0.0
25.3677,73.879,174.8,0.0
25.3677,73.8592,162.0,0.0
25.3677,73.8395,162.0,0.0
25.3677,73.8197,162.0,0.0
25.35,74.0,190.5,0.0
25.35,73.9784,162.0,0.0
25.35,73.9584,162.0,0.0
25.35,73.9385,162.0,0.0
25.35,73.9186,162.0,0.0
25.35,73.8987,162.0,0.0
25.35,73.879,162.0,0.0
25.2953,73.8395,162.0,0.0
25.2953,73.8197,178.5,0.0
25.2771,74.0,278.6,0.0
25.7076,73.9191,221.5,0.0
25.7257,73.9589,221.5,0.0
25.7257,73.939,221.5,0.0
25.7257,73.9191,221.5,0.0
25.7257,73.8992,221.5,0.0
25.7257,73.8793,107.9,0.0
25.7257,73.8594,107.9,0.0
25.7257,73.8395,107.9,0.0
25.7257,73.8196,107.9,0.0
25.7076,73.9987,445.9,0.0
25.7076,73.9788,445.9,0.0
25.7076,73.9589,221.5,0.0
25.7076,73.939,221.5,0.0
25.7076,73.8992,191.0,0.0
25.7257,73.9987,242.2,0.0
25.7076,73.8793,191.0,0.0
25.7076,73.8594,107.9,0.0
25.7076,73.8395,107.9,0.0
25.7076,73.8196,495.5,0.0
25.6896,73.9987,445.9,0.0
25.6896,73.9788,445.9,0.0
25.6896,73.9589,445.9,0.0
25.6896,73.939,221.5,0.0
25.6896,73.9191,191.0,0.0
25.6896,73.8992,191.0,0.0
25.6896,73.8793,191.0,0.0
25.6896,73.8594,191.0,0.0
25.7257,73.9788,221.5,0.0
25.7437,73.8196,107.9,0.0
25.2771,73.9784,278.6,0.0
25.2592,73.9186,278.6,0.0
25.2771,73.9584,278.6,0.0
25.2771,73.9385,278.6,0.0
25.2771,73.9186,278.6,0.0
25.2771,73.8987,278.6,0.0
25.2771,73.879,278.6,0.0
25.2771,73.8592,162.0,0.0
25.2771,73.8395,335.7,0.0
25.2771,73.8197,335.7,0.0
25.2592,74.0,278.6,0.0
25.2592,73.9784,278.6,0.0
25.2592,73.9584,278.6,0.0
25.2592,73.9385,278.6,0.0
25.2592,73.8987,278.6,0.0
25.7437,73.8395,107.9,0.0
25.2592,73.879,278.6,0.0
25.2592,73.8592,335.7,0.0
25.2592,73.8395,335.7,0.0
25.2592,73.8197,335.7,0.0
25.7437,73.9987,176.9,0.0
25.7437,73.9788,221.5,0.0
25.7437,73.9589,221.5,0.0
25.7437,73.939,221.5,0.0
25.7437,73.9191,221.5,0.0
25.7437,73.8992,221.5,0.0
25.7437,73.8793,221.5,0.0
25.7437,73.8594,221.5,0.0
25.3858,74.0,174.8,0.0
25.4037,73.8197,174.8,0.0
25.4037,73.8395,174.8,0.0
25.027,73.9386,1092.1,0.0
25.045,73.9786,1092.1,0.0
25.045,73.9586,1092.1,0.0
25.045,73.9386,1092.1,0.0
25.045,73.9188,1092.1,0.0
25.045,73.899,605.9,0.0
25.045,73.8792,272.5,0.0
25.045,73.8595,100.5,0.0
25.045,73.8397,100.5,0.0
25.045,73.8199,100.5,0.0
25.027,74.0,1092.1,0.0
25.027,73.9786,1092.1,0.0
25.027,73.9586,1092.1,0.0
25.027,73.9188,605.9,0.0
25.063,73.8199,100.5,0.0
25.027,73.899,272.5,0.0
25.027,73.8792,272.5,0.0
25.027,73.8595,272.5,0.0
25.027,73.8397,272.5,0.0
25.027,73.8199,272.5,0.0
25.009,74.0,1092.1,0.0
25.009,73.9786,1092.1,0.0
25.009,73.9586,1092.1,0.0
25.009,73.9386,1092.1,0.0
25.009,73.9188,272.5,0.0
25.009,73.899,272.5,0.0
25.009,73.8792,272.5,0.0
25.045,74.0,1092.1,0.0
25.063,73.8397,100.5,0.0
25.009,73.8397,272.5,0.0
25.081,73.9386,1092.1,0.0
25.099,73.9786,1092.1,0.0
25.099,73.9586,1092.1,0.0
25.099,73.9386,1092.1,0.0
25.099,73.9188,1092.1,0.0
25.099,73.899,495.3,0.0
25.099,73.8792,495.3,0.0
25.099,73.8595,495.3,0.0
25.099,73.8397,100.5,0.0
25.099,73.8199,100.5,0.0
25.081,74.0,1092.1,0.0
25.081,73.9786,1092.1,0.0
25.081,73.9586,1092.1,0.0
25.081,73.9188,1092.1,0.0
25.063,73.8595,100.5,0.0
25.081,73.899,495.3,0.0
25.081,73.8792,495.3,0.0
25.081,73.8595,100.5,0.0
25.081,73.8397,100.5,0.0
25.081,73.8199,100.5,0.0
25.063,74.0,1092.1,0.0
25.063,73.9786,1092.1,0.0
25.063,73.9586,1092.1,0.0
25.063,73.9386,1092.1,0.0
25.063,73.9188,1092.1,0.0
25.063,73.899,495.3,0.0
25.063,73.8792,100.5,0.0
25.009,73.8595,272.5,0.0
25.009,73.8199,123.3,0.0
25.4037,73.8592,174.8,0.0
25.4221,73.9385,174.8,0.0
25.4399,73.9784,285.0,0.0
25.4399,73.9584,174.8,0.0
25.4399,73.9385,174.8,0.0
25.4399,73.9186,174.8,0.0
25.4399,73.8987,174.8,0.0
25.4399,73.879,174.8,0.0
25.4399,73.8592,174.8,0.0
25.4399,73.8395,191.2,0.0
25.4399,73.8197,191.2,0.0
25.4221,74.0,285.0,0.0
25.4221,73.9784,174.8,0.0
25.4221,73.9584,174.8,0.0
25.4221,73.9186,174.8,0.0
25.4587,73.8197,191.2,0.0
25.4221,73.8987,174.8,0.0
25.4221,73.879,174.8,0.0
25.4221,73.8592,174.8,0.0
25.4221,73.8395,174.8,0.0
25.4221,73.8197,174.8,0.0
25.4037,74.0,174.8,0.0
25.4037,73.9784,174.8,0.0
25.4037,73.9584,174.8,0.0
25.4037,73.9385,174.8,0.0
25.4037,73.9186,174.8,0.0
25.4037,73.8987,174.8,0.0
25.4037,73.879,174.8,0.0
25.4399,74.0,285.0,0.0
25.4587,73.8395,191.2,0.0
25.4947,74.0,238.5,0.0
25.4766,73.9385,238.5,0.0
25.4947,73.9784,238.5,0.0
25.4947,73.9584,238.5,0.0
25.4947,73.9385,287.4,0.0
25.4947,73.9186,287.4,0.0
25.4947,73.8987,142.9,0.0
25.4947,73.879,142.9,0.0
25.4947,73.8592,142.9,0.0
25.4947,73.8395,193.8,0.0
25.4947,73.8197,193.8,0.0
25.4766,74.0,238.5,0.0
25.4766,73.9784,238.5,0.0
25.4766,73.9584,238.5,0.0
25.4766,73.9186,287.4,0.0
25.4587,73.8592,142.9,0.0
25.4766,73.8987,287.4,0.0
25.4766,73.879,142.9,0.0
25.4766,73.8592,142.9,0.0
25.4766,73.8395,142.9,0.0
25.4766,73.8197,193.8,0.0
25.4587,74.0,238.5,0.0
25.4587,73.9784,238.5,0.0
25.4587,73.9584,238.5,0.0
25.4587,73.9385,238.5,0.0
25.4587,73.9186,287.4,0.0
25.4587,73.8987,287.4,0.0
25.4587,73.879,174.8,0.0
25.6896,73.8395,191.0,0.0
25.6896,73.8196,191.0,0.0
25.6715,73.9987,445.9,0.0
25.8854,73.9196,152.5,0.0
25.9034,73.9596,152.5,0.0
25.9034,73.9396,152.5,0.0
25.9034,73.9197,152.5,0.0
25.9034,73.8997,152.5,0.0
25.9034,73.8798,152.5,0.0
25.9034,73.8598,152.5,0.0
25.9034,73.8398,152.5,0.0
25.9034,73.8199,152.5,0.0
25.8854,73.9995,144.1,0.0
25.8854,73.9795,144.1,0.0
25.8854,73.9596,144.1,0.0
25.8854,73.9396,152.5,0.0
25.8854,73.8997,152.5,0.0
25.9034,73.9995,144.1,0.0
25.8854,73.8797,152.5,0.0
25.8854,73.8598,152.5,0.0
25.8854,73.8398,152.5,0.0
25.8854,73.8199,152.5,0.0
25.8673,73.9994,144.1,0.0
25.8673,73.9795,144.1,0.0
25.8673,73.9595,144.1,0.0
25.8673,73.9396,144.1,0.0
25.8673,73.9196,144.1,0.0
25.8673,73.8997,144.1,0.0
25.8673,73.8797,152.5,0.0
25.8673,73.8598,152.5,0.0
25.9034,73.9796,152.5,0.0
25.9215,73.8199,152.5,0.0
25.8673,73.8199,152.5,0.0
25.9396,73.9197,175.5,0.0
25.9576,73.9597,175.5,0.0
25.9576,73.9397,175.5,0.0
25.9576,73.9197,175.5,0.0
25.9576,73.8998,175.5,0.0
25.9576,73.8798,175.5,0.0
25.9576,73.8598,175.5,0.0
25.9576,73.8399,175.5,0.0
25.9576,73.8199,175.5,0.0
25.9396,73.9996,175.5,0.0
25.9396,73.9796,175.5,0.0
25.9396,73.9597,175.5,0.0
25.9396,73.9397,175.5,0.0
25.9396,73.8997,175.5,0.0
25.9215,73.8398,152.5,0.0
25.9396,73.8798,175.5,0.0
25.9396,73.8598,175.5,0.0
25.9396,73.8398,296.6,0.0
25.9396,73.8199,152.5,0.0
25.9215,73.9995,175.5,0.0
25.9215,73.9796,175.5,0.0
25.9215,73.9596,175.5,0.0
25.9215,73.9397,152.5,0.0
25.9215,73.9197,152.5,0.0
25.9215,73.8997,175.5,0.0
25.9215,73.8798,175.5,0.0
25.9215,73.8598,175.5,0.0
25.8673,73.8398,152.5,0.0
25.8493,73.9994,144.1,0.0
25.9576,73.9996,175.5,0.0
25.7771,73.9195,176.9,0.0
25.7951,73.9594,176.9,0.0
25.7951,73.9395,176.9,0.0
25.7951,73.9195,176.9,0.0
25.7951,73.8996,176.9,0.0
25.7951,73.8796,176.9,0.0
25.7951,73.8597,221.5,0.0
25.7951,73.8397,221.5,0.0
25.7951,73.8198,221.5,0.0
25.7771,73.9993,176.9,0.0
25.7771,73.9793,176.9,0.0
25.7771,73.9594,176.9,0.0
25.7771,73.9394,176.9,0.0
25.7771,73.8996,221.5,0.0
25.7951,73.9993,176.9,0.0
25.7771,73.8796,221.5,0.0
25.7771,73.8597,221.5,0.0
25.7771,73.8397,221.5,0.0
25.7771,73.8198,221.5,0.0
25.759,73.9992,176.9,0.0
25.759,73.9793,176.9,0.0
25.759,73.9593,176.9,0.0
25.759,73.9394,176.9,0.0
25.759,73.9195,221.5,0.0
25.759,73.8995,221.5,0.0
25.759,73.8796,221.5,0.0
25.759,73.8597,221.5,0.0
25.7951,73.9793,176.9,0.0
25.8132,73.8198,221.5,0.0
25.8493,73.9794,144.1,0.0
25.8312,73.9196,176.9,0.0
25.8493,73.9595,176.9,0.0
25.8493,73.9395,176.9,0.0
25.8493,73.9196,144.1,0.0
25.8493,73.8996,144.1,0.0
25.8493,73.8797,144.1,0.0
25.8493,73.8597,144.1,0.0
25.8493,73.8398,380.0,0.0
25.8493,73.8198,380.0,0.0
25.8312,73.9994,144.1,0.0
25.8312,73.9794,176.9,0.0
25.8312,73.9595,176.9,0.0
25.8312,73.9395,176.9,0.0
25.8312,73.8996,176.9,0.0
25.8132,73.8398,221.5,0.0
25.8312,73.8797,144.1,0.0
25.8312,73.8597,176.9,0.0
25.8312,73.8398,221.5,0.0
25.8312,73.8198,221.5,0.0
25.8132,73.9993,176.9,0.0
25.8132,73.9794,176.9,0.0
25.8132,73.9594,176.9,0.0
25.8132,73.9395,176.9,0.0
25.8132,73.9195,176.9,0.0
25.8132,73.8996,176.9,0.0
25.8132,73.8796,176.9,0.0
25.8132,73.8597,176.9,0.0
25.9576,73.9797,175.5,0.0
25.9757,73.8199,175.5,0.0
25.6715,73.9788,445.9,0.0
25.5993,73.9191,142.9,0.0
25.6173,73.9589,287.4,0.0
25.6173,73.939,287.4,0.0
25.6173,73.9191,142.9,0.0
25.6173,73.8992,142.9,0.0
25.6173,73.8793,142.9,0.0
25.6173,73.8594,118.2,0.0
25.6173,73.8395,118.2,0.0
25.6173,73.8196,118.2,0.0
25.5993,73.9987,287.4,0.0
25.5993,73.9788,287.4,0.0
25.5993,73.9589,287.4,0.0
25.5993,73.939,287.4,0.0
25.5993,73.8992,142.9,0.0
25.6173,73.9987,287.4,0.0
25.5993,73.8793,142.9,0.0
25.5993,73.8594,118.2,0.0
25.5993,73.8395,118.2,0.0
25.5993,73.8196,118.2,0.0
25.5812,73.9987,287.4,0.0
25.5812,73.9788,287.4,0.0
25.5812,73.9589,287.4,0.0
25.5812,73.939,142.9,0.0
25.5812,73.9191,142.9,0.0
25.5812,73.8992,142.9,0.0
25.5812,73.8793,142.9,0.0
25.5812,73.8594,118.2,0.0
25.6173,73.9788,287.4,0.0
25.6354,73.8196,118.2,0.0
25.5812,73.8196,161.8,0.0
25.6535,73.9191,142.9,0.0
25.6715,73.9589,445.9,0.0
25.6715,73.939,445.9,0.0
25.6715,73.9191,191.0,0.0
25.6715,73.8992,191.0,0.0
25.6715,73.8793,191.0,0.0
25.6715,73.8594,191.0,0.0
25.6715,73.8395,191.0,0.0
25.6715,73.8196,191.0,0.0
25.6535,73.9987,445.9,0.0
25.6535,73.9788,287.4,0.0
25.6535,73.9589,287.4,0.0
25.6535,73.939,287.4,0.0
25.6535,73.8992,191.0,0.0
25.6354,73.8395,118.2,0.0
25.6535,73.8793,118.2,0.0
25.6535,73.8594,118.2,0.0
25.6535,73.8395,118.2,0.0
25.6535,73.8196,118.2,0.0
25.6354,73.9987,287.4,0.0
25.6354,73.9788,287.4,0.0
25.6354,73.9589,287.4,0.0
25.6354,73.939,287.4,0.0
25.6354,73.9191,142.9,0.0
25.6354,73.8992,142.9,0.0
25.6354,73.8793,118.2,0.0
25.6354,73.8594,118.2,0.0
25.5812,73.8395,118.2,0.0
25.5632,73.9987,287.4,0.0
25.9757,73.8399,175.5,0.0
25.9937,73.9198,175.5,0.0
25.509,73.9589,238.5,0.0
25.509,73.939,287.4,0.0
25.509,73.9191,287.4,0.0
25.509,73.8992,142.9,0.0
25.509,73.8793,142.9,0.0
25.509,73.8594,142.9,0.0
25.509,73.8395,193.8,0.0
25.509,73.8196,193.8,0.0
25.9937,73.9997,571.0,0.0
25.9937,73.9797,175.5,0.0
25.9937,73.9597,175.5,0.0
25.9937,73.9398,175.5,0.0
25.9937,73.8998,296.6,0.0
25.509,73.9987,238.5,0.0
25.9937,73.8798,296.6,0.0
25.9937,73.8599,296.6,0.0
25.9937,73.8399,296.6,0.0
25.9937,73.8199,296.6,0.0
25.9757,73.9997,175.5,0.0
25.9757,73.9797,175.5,0.0
25.9757,73.9597,175.5,0.0
25.9757,73.9397,175.5,0.0
25.9757,73.9198,175.5,0.0
25.9757,73.8998,175.5,0.0
25.9757,73.8798,175.5,0.0
25.9757,73.8599,175.5,0.0
25.509,73.9788,238.5,0.0
25.5271,73.8196,193.8,0.0
25.5632,73.9788,287.4,0.0
25.5451,73.9191,142.9,0.0
25.5632,73.9589,287.4,0.0
25.5632,73.939,142.9,0.0
25.5632,73.9191,142.9,0.0
25.5632,73.8992,142.9,0.0
25.5632,73.8793,142.9,0.0
25.5632,73.8594,118.2,0.0
25.5632,73.8395,118.2,0.0
25.5632,73.8196,118.2,0.0
25.5451,73.9987,287.4,0.0
25.5451,73.9788,287.4,0.0
25.5451,73.9589,287.4,0.0
25.5451,73.939,142.9,0.0
25.5451,73.8992,142.9,0.0
25.5271,73.8395,193.8,0.0
25.5451,73.8793,142.9,0.0
25.5451,73.8594,193.8,0.0
25.5451,73.8395,193.8,0.0
25.5451,73.8196,193.8,0.0
25.5271,73.9987,238.5,0.0
25.5271,73.9788,238.5,0.0
25.5271,73.9589,287.4,0.0
25.5271,73.939,287.4,0.0
25.5271,73.9191,142.9,0.0
25.5271,73.8992,142.9,0.0
25.5271,73.8793,142.9,0.0
25.5271,73.8594,193.8,0.0
25.099,74.0,1092.1,0.0
25.117,73.8397,495.3,0.0
25.117,73.8595,495.3,0.0
24.6525,73.998,793.8,0.0
24.6886,73.8004,373.8,0.0
24.6706,73.998,793.8,0.0
24.6706,73.9782,793.8,0.0
24.6706,73.9586,793.8,0.0
24.6706,73.9386,373.8,0.0
24.6706,73.919,373.8,0.0
24.6706,73.8992,373.8,0.0
24.6706,73.8793,373.8,0.0
24.6706,73.8596,373.8,0.0
24.6706,73.8399,373.8,0.0
24.6706,73.8202,373.8,0.0
24.6706,73.8004,373.8,0.0
24.6525,73.9782,793.8,0.0
24.6886,73.8399,373.8,0.0
24.6525,73.9586,793.8,0.0
24.6525,73.9386,373.8,0.0
24.6525,73.919,257.7,0.0
24.6525,73.8992,257.7,0.0
24.6525,73.8793,257.7,0.0
24.6525,73.8596,257.7,0.0
24.6525,73.8399,257.7,0.0
24.6525,73.8202,257.7,0.0
24.6525,73.8004,257.7,0.0
24.6345,73.998,793.8,0.0
24.6345,73.9782,793.8,0.0
24.6345,73.9586,793.8,0.0
24.6886,73.8202,373.8,0.0
24.6886,73.8596,373.8,0.0
24.6345,73.919,257.7,0.0
24.7073,73.9386,445.9,0.0
24.725,73.9586,445.9,0.0
24.725,73.9386,445.9,0.0
24.725,73.919,373.8,0.0
24.725,73.8992,373.8,0.0
24.725,73.8793,373.8,0.0
24.725,73.8596,373.8,0.0
24.725,73.8399,373.8,0.0
24.725,73.8202,218.1,0.0
24.725,73.8004,373.8,0.0
24.7073,73.998,445.9,0.0
24.7073,73.9782,445.9,0.0
24.7073,73.9586,445.9,0.0
24.7073,73.919,373.8,0.0
24.6886,73.8793,373.8,0.0
24.7073,73.8992,373.8,0.0
24.7073,73.8793,373.8,0.0
24.7073,73.8596,373.8,0.0
24.7073,73.8399,373.8,0.0
24.7073,73.8202,373.8,0.0
24.7073,73.8004,373.8,0.0
24.6886,73.998,793.8,0.0
24.6886,73.9782,793.8,0.0
24.6886,73.9586,793.8,0.0
24.6886,73.9386,373.8,0.0
24.6886,73.919,373.8,0.0
24.6886,73.8992,373.8,0.0
24.6345,73.9386,257.7,0.0
24.6345,73.8992,257.7,0.0
24.725,73.998,445.9,0.0
24.5621,73.8992,122.0,0.0
24.5803,73.919,793.8,0.0
24.5803,73.8992,793.8,0.0
24.5803,73.8793,257.7,0.0
24.5803,73.8596,257.7,0.0
24.5803,73.8399,257.7,0.0
24.5803,73.8202,130.7,0.0
24.5803,73.8004,130.7,0.0
24.5621,73.998,209.0,0.0
24.5621,73.9782,209.0,0.0
24.5621,73.9586,209.0,0.0
24.5621,73.9386,209.0,0.0
24.5621,73.919,122.0,0.0
24.5621,73.8793,122.0,0.0
24.5803,73.9586,209.0,0.0
24.5621,73.8596,257.7,0.0
24.5621,73.8399,257.7,0.0
24.5621,73.8202,130.7,0.0
24.5621,73.8004,130.7,0.0
24.5441,73.998,209.0,0.0
24.5441,73.9782,209.0,0.0
24.5441,73.9586,209.0,0.0
24.5441,73.9386,209.0,0.0
24.5441,73.919,122.0,0.0
24.5441,73.8992,122.0,0.0
24.5441,73.8793,122.0,0.0
24.5441,73.8596,122.0,0.0
24.5803,73.9386,209.0,0.0
24.5803,73.9782,209.0,0.0
24.6345,73.8793,257.7,0.0
24.6163,73.8399,257.7,0.0
24.6345,73.8596,257.7,0.0
24.6345,73.8399,257.7,0.0
24.6345,73.8202,257.7,0.0
24.6345,73.8004,257.7,0.0
24.6163,73.998,793.8,0.0
24.6163,73.9782,793.8,0.0
24.6163,73.9586,793.8,0.0
24.6163,73.9386,793.8,0.0
24.6163,73.919,793.8,0.0
24.6163,73.8992,257.7,0.0
24.6163,73.8793,257.7,0.0
24.6163,73.8596,257.7,0.0
24.6163,73.8202,257.7,0.0
24.5803,73.998,209.0,0.0
24.6163,73.8004,257.7,0.0
24.598,73.998,793.8,0.0
24.598,73.9782,793.8,0.0
24.598,73.9586,793.8,0.0
24.598,73.9386,793.8,0.0
24.598,73.919,793.8,0.0
24.598,73.8992,257.7,0.0
24.598,73.8793,257.7,0.0
24.598,73.8596,257.7,0.0
24.598,73.8399,257.7,0.0
24.598,73.8202,257.7,0.0
24.598,73.8004,130.7,0.0
24.725,73.9782,445.9,0.0
24.743,73.8004,218.1,0.0
24.5441,73.8202,130.7,0.0
26.5002,74.106,1729.6,0.0
26.5279,74.1052,170.4,0.0
26.5186,74.0906,170.4,0.0
26.5263,74.0619,170.4,0.0
26.532,74.043,170.4,0.0
26.5315,74.0319,170.4,0.0
26.5326,74.0067,170.4,0.0
26.5117,74.23,1601.2,0.0
26.5125,74.2017,1601.2,0.0
26.5028,74.1871,1601.2,0.0
26.504,74.1633,1729.6,0.0
26.5093,74.1462,1729.6,0.0
26.5113,74.1261,1729.6,0.0
26.5035,74.0846,1844.8,0.0
26.5307,74.1417,170.4,0.0
26.5088,74.0674,1844.8,0.0
26.503,74.0444,1844.8,0.0
26.511,74.0223,170.4,0.0
26.5138,74.0108,170.4,0.0
24.494,73.9971,209.0,0.0
24.494,73.9774,209.0,0.0
24.494,73.9574,209.0,0.0
24.494,73.9376,209.0,0.0
24.494,73.9179,122.0,0.0
24.494,73.8981,122.0,0.0
24.494,73.8779,122.0,0.0
24.494,73.8587,122.0,0.0
26.5313,74.1282,170.4,0.0
26.5319,74.1699,1729.6,0.0
24.494,73.8192,169.8,0.0
26.5481,74.2244,356.6,0.0
26.5596,74.2269,356.6,0.0
26.5647,74.2024,356.6,0.0
26.5645,74.1822,356.6,0.0
26.5693,74.1673,356.6,0.0
26.5632,74.1475,356.6,0.0
26.5587,74.1227,356.6,0.0
26.5694,74.1045,356.6,0.0
26.5655,74.0855,356.6,0.0
26.5631,74.0632,356.6,0.0
26.566,74.0498,170.4,0.0
26.563,74.0232,170.4,0.0
26.5649,74.0037,170.4,0.0
26.5393,74.2043,1729.6,0.0
26.5346,74.182,1729.6,0.0
26.5393,74.184,1729.6,0.0
26.5504,74.1626,356.6,0.0
26.5495,74.1454,170.4,0.0
26.5488,74.1225,170.4,0.0
26.5448,74.1051,170.4,0.0
26.5496,74.0864,170.4,0.0
26.5392,74.0631,170.4,0.0
26.5437,74.0474,170.4,0.0
26.5522,74.0254,170.4,0.0
26.547,74.0049,170.4,0.0
26.5223,74.2224,1601.2,0.0
26.5308,74.2069,1601.2,0.0
24.494,73.8388,169.8,0.0
24.4757,73.9971,209.0,0.0
24.743,73.8202,218.1,0.0
24.4041,73.8981,169.8,0.0
24.4215,73.9376,122.0,0.0
24.4215,73.9179,122.0,0.0
24.4215,73.8981,169.8,0.0
24.4215,73.8779,169.8,0.0
24.4215,73.8587,169.8,0.0
24.4215,73.8388,169.8,0.0
24.4215,73.8192,169.8,0.0
24.4041,73.9971,209.0,0.0
24.4041,73.9774,209.0,0.0
24.4041,73.9574,209.0,0.0
24.4041,73.9376,122.0,0.0
24.4041,73.9179,169.8,0.0
24.4041,73.8779,169.8,0.0
24.4215,73.9774,209.0,0.0
24.4041,73.8587,169.8,0.0
24.4041,73.8388,169.8,0.0
24.4041,73.8192,177.8,0.0
24.743,73.998,445.9,0.0
24.743,73.9782,445.9,0.0
24.743,73.9586,445.9,0.0
24.743,73.9386,445.9,0.0
24.743,73.919,445.9,0.0
24.743,73.8992,373.8,0.0
24.743,73.8793,373.8,0.0
24.743,73.8596,373.8,0.0
24.743,73.8399,218.1,0.0
24.4215,73.9574,122.0,0.0
24.4215,73.9971,209.0,0.0
24.4757,73.9774,209.0,0.0
24.4578,73.8981,122.0,0.0
24.4757,73.9574,209.0,0.0
24.4757,73.9376,122.0,0.0
24.4757,73.9179,122.0,0.0
24.4757,73.8981,122.0,0.0
24.4757,73.8779,169.8,0.0
24.4757,73.8587,169.8,0.0
24.4757,73.8192,169.8,0.0
24.4578,73.9971,209.0,0.0
24.4578,73.9774,209.0,0.0
24.4578,73.9574,209.0,0.0
24.4578,73.9376,122.0,0.0
24.4578,73.9179,122.0,0.0
24.4578,73.8779,169.8,0.0
24.4394,73.8192,169.8,0.0
24.4578,73.8587,169.8,0.0
24.4578,73.8388,169.8,0.0
24.4578,73.8192,169.8,0.0
24.4394,73.9971,209.0,0.0
24.4394,73.9774,209.0,0.0
24.4394,73.9574,209.0,0.0
24.4394,73.9376,122.0,0.0
24.4394,73.9179,122.0,0.0
24.4394,73.8981,169.8,0.0
24.4394,73.8779,169.8,0.0
24.4394,73.8587,169.8,0.0
24.4394,73.8388,169.8,0.0
24.5441,73.8399,122.0,0.0
24.5441,73.8004,130.7,0.0
25.117,73.8792,495.3,0.0
25.244,73.9586,278.6,0.0
24.7591,73.9972,445.9,0.0
24.7591,73.9747,445.9,0.0
24.7591,73.9577,445.9,0.0
24.7591,73.9379,445.9,0.0
24.7591,73.9181,445.9,0.0
24.7591,73.8983,445.9,0.0
24.7591,73.8786,445.9,0.0
24.7591,73.8588,445.9,0.0
24.7591,73.839,218.1,0.0
24.7591,73.8192,218.1,0.0
25.244,74.0,278.6,0.0
25.244,73.9786,278.6,0.0
25.244,73.9386,278.6,0.0
24.7773,73.839,218.1,0.0
25.244,73.9188,429.1,0.0
25.244,73.899,429.1,0.0
25.244,73.8792,429.1,0.0
25.244,73.8595,335.7,0.0
25.244,73.8397,335.7,0.0
25.244,73.8199,335.7,0.0
25.226,74.0,278.6,0.0
25.226,73.9786,278.6,0.0
25.226,73.9586,429.1,0.0
25.226,73.9386,429.1,0.0
25.226,73.9188,429.1,0.0
25.226,73.899,429.1,0.0
24.7773,73.8192,218.1,0.0
24.7773,73.8588,445.9,0.0
25.226,73.8595,495.3,0.0
24.7956,73.9577,445.9,0.0
24.8138,73.9972,230.8,0.0
24.8138,73.9747,445.9,0.0
24.8138,73.9577,445.9,0.0
24.8138,73.9379,107.0,0.0
24.8138,73.9181,107.0,0.0
24.8138,73.8983,107.0,0.0
24.8138,73.8786,107.0,0.0
24.8138,73.8588,107.0,0.0
24.8138,73.839,107.0,0.0
24.8138,73.8192,107.0,0.0
24.7956,73.9972,445.9,0.0
24.7956,73.9747,445.9,0.0
24.7956,73.9379,445.9,0.0
24.7773,73.8786,445.9,0.0
24.7956,73.9181,445.9,0.0
24.7956,73.8983,445.9,0.0
24.7956,73.8786,107.0,0.0
24.7956,73.8588,107.0,0.0
24.7956,73.839,107.0,0.0
24.7956,73.8192,218.1,0.0
24.7773,73.9972,445.9,0.0
24.7773,73.9747,445.9,0.0
24.7773,73.9577,445.9,0.0
24.7773,73.9379,445.9,0.0
24.7773,73.9181,445.9,0.0
24.7773,73.8983,445.9,0.0
25.226,73.8792,495.3,0.0
25.226,73.8397,335.7,0.0
24.832,73.839,107.0,0.0
25.135,73.9586,1092.1,0.0
25.153,74.0,1195.2,0.0
25.153,73.9786,1195.2,0.0
25.153,73.9586,1092.1,0.0
25.153,73.9386,1092.1,0.0
25.153,73.9188,1092.1,0.0
25.153,73.899,495.3,0.0
25.153,73.8792,495.3,0.0
25.153,73.8595,495.3,0.0
25.153,73.8397,495.3,0.0
25.153,73.8199,495.3,0.0
25.135,74.0,1195.2,0.0
25.135,73.9786,1092.1,0.0
25.135,73.9386,1092.1,0.0
25.1724,73.8397,495.3,0.0
25.135,73.9188,1092.1,0.0
25.135,73.899,495.3,0.0
25.135,73.8792,495.3,0.0
25.135,73.8595,495.3,0.0
25.135,73.8397,495.3,0.0
25.135,73.8199,495.3,0.0
25.117,74.0,1195.2,0.0
25.117,73.9786,1092.1,0.0
25.117,73.9586,1092.1,0.0
25.117,73.9386,1092.1,0.0
25.117,73.9188,1092.1,0.0
25.117,73.899,495.3,0.0
25.1724,73.8199,335.7,0.0
25.1724,73.8595,495.3,0.0
25.226,73.8199,335.7,0.0
25.19,73.9586,429.1,0.0
25.208,74.0,429.1,0.0
25.208,73.9786,429.1,0.0
25.208,73.9586,429.1,0.0
25.208,73.9386,429.1,0.0
25.208,73.9188,429.1,0.0
25.208,73.899,429.1,0.0
25.208,73.8792,495.3,0.0
25.208,73.8595,495.3,0.0
25.208,73.8397,335.7,0.0
25.208,73.8199,335.7,0.0
25.19,74.0,429.1,0.0
25.19,73.9786,429.1,0.0
25.19,73.9386,429.1,0.0
25.1724,73.8792,495.3,0.0
25.19,73.9188,429.1,0.0
25.19,73.899,429.1,0.0
25.19,73.8792,495.3,0.0
25.19,73.8595,495.3,0.0
25.19,73.8397,335.7,0.0
25.19,73.8199,335.7,0.0
25.1724,74.0,429.1,0.0
25.1724,73.9786,1195.2,0.0
25.1724,73.9586,1195.2,0.0
25.1724,73.9386,1195.2,0.0
25.1724,73.9188,1092.1,0.0
25.1724,73.899,495.3,0.0
24.832,73.8192,107.0,0.0
24.832,73.8588,107.0,0.0
24.5261,73.998,209.0,0.0
24.9596,73.9747,141.8,0.0
24.996,73.8192,123.3,0.0
24.9778,73.9972,141.8,0.0
24.9778,73.9747,141.8,0.0
24.9778,73.9577,1092.1,0.0
24.9778,73.9379,1092.1,0.0
24.9778,73.9181,1092.1,0.0
24.9778,73.8983,272.5,0.0
24.9778,73.8786,272.5,0.0
24.9778,73.8588,123.3,0.0
24.9778,73.839,123.3,0.0
24.9778,73.8192,123.3,0.0
24.9596,73.9972,141.8,0.0
24.9596,73.9577,141.8,0.0
24.996,73.8588,272.5,0.0
24.9596,73.9379,1092.1,0.0
24.9596,73.9181,1092.1,0.0
24.9596,73.8983,1092.1,0.0
24.9596,73.8786,272.5,0.0
24.9596,73.8588,78.0,0.0
24.9596,73.839,123.3,0.0
24.9596,73.8192,78.0,0.0
24.9413,73.9972,230.8,0.0
24.9413,73.9747,230.8,0.0
24.9413,73.9577,141.8,0.0
24.9413,73.9379,141.8,0.0
24.9413,73.9181,1092.1,0.0
24.996,73.839,123.3,0.0
24.996,73.8786,272.5,0.0
24.9413,73.8786,272.5,0.0
24.508,73.9586,209.0,0.0
24.5261,73.9782,209.0,0.0
24.5261,73.9586,209.0,0.0
24.5261,73.9386,209.0,0.0
24.5261,73.919,122.0,0.0
24.5261,73.8992,122.0,0.0
24.5261,73.8793,122.0,0.0
24.5261,73.8596,122.0,0.0
24.5261,73.8399,122.0,0.0
24.5261,73.8202,169.8,0.0
24.5261,73.8004,169.8,0.0
24.508,73.998,209.0,0.0
24.508,73.9782,209.0,0.0
24.508,73.9386,209.0,0.0
24.996,73.8983,272.5,0.0
24.508,73.919,122.0,0.0
24.508,73.8992,122.0,0.0
24.508,73.8793,122.0,0.0
24.508,73.8596,122.0,0.0
24.508,73.8399,122.0,0.0
24.508,73.8202,169.8,0.0
24.508,73.8004,169.8,0.0
24.996,73.9972,1092.1,0.0
24.996,73.9747,1092.1,0.0
24.996,73.9577,1092.1,0.0
24.996,73.9379,1092.1,0.0
24.996,73.9181,1092.1,0.0
24.9413,73.8983,1092.1,0.0
24.9413,73.8588,78.0,0.0
24.832,73.8786,107.0,0.0
24.8502,73.9577,445.9,0.0
24.8684,73.9972,230.8,0.0
24.8684,73.9747,230.8,0.0
24.8684,73.9577,150.3,0.0
24.8684,73.9379,150.3,0.0
24.8684,73.9181,150.3,0.0
24.8684,73.8983,150.3,0.0
24.8684,73.8786,150.3,0.0
24.8684,73.8588,150.3,0.0
24.8684,73.839,150.3,0.0
24.8684,73.8192,150.3,0.0
24.8502,73.9972,230.8,0.0
24.8502,73.9747,230.8,0.0
24.8502,73.9379,150.3,0.0
24.8867,73.839,150.3,0.0
24.8502,73.9181,150.3,0.0
24.8502,73.8983,150.3,0.0
24.8502,73.8786,150.3,0.0
24.8502,73.8588,150.3,0.0
24.8502,73.839,150.3,0.0
24.8502,73.8192,150.3,0.0
24.832,73.9972,230.8,0.0
24.832,73.9747,445.9,0.0
24.832,73.9577,445.9,0.0
24.832,73.9379,150.3,0.0
24.832,73.9181,150.3,0.0
24.832,73.8983,107.0,0.0
24.8867,73.8192,150.3,0.0
24.8867,73.8588,150.3,0.0
24.9413,73.839,78.0,0.0
24.9049,73.9577,230.8,0.0
24.9413,73.8192,78.0,0.0
24.9231,73.9972,230.8,0.0
24.9231,73.9747,230.8,0.0
24.9231,73.9577,230.8,0.0
24.9231,73.9379,150.3,0.0
24.9231,73.9181,150.3,0.0
24.9231,73.8983,150.3,0.0
24.9231,73.8786,150.3,0.0
24.9231,73.8588,150.3,0.0
24.9231,73.839,78.0,0.0
24.9049,73.9972,230.8,0.0
24.9049,73.9747,230.8,0.0
24.9049,73.9379,150.3,0.0
24.8867,73.8786,150.3,0.0
24.9049,73.9181,150.3,0.0
24.9049,73.8983,150.3,0.0
24.9049,73.8786,150.3,0.0
24.9049,73.8588,150.3,0.0
24.9049,73.839,150.3,0.0
24.9049,73.8192,78.0,0.0
24.8867,73.9972,230.8,0.0
24.8867,73.9747,230.8,0.0
24.8867,73.9577,230.8,0.0
24.8867,73.9379,150.3,0.0
24.8867,73.9181,150.3,0.0
24.8867,73.8983,150.3,0.0
26.3492,74.75,162.8,0.0
26.3672,74.51,344.6,0.0
26.3672,74.53,344.6,0.0
26.3672,74.5502,344.6,0.0
25.1714,74.1092,575.0,0.0
25.1714,74.0894,575.0,0.0
25.1714,74.0694,429.1,0.0
25.1714,74.0494,429.1,0.0
25.1714,74.0294,429.1,0.0
25.1714,74.0094,429.1,0.0
25.1533,74.2428,687.8,0.0
25.1533,74.2275,687.8,0.0
25.1533,74.2078,575.0,0.0
25.1533,74.188,575.0,0.0
25.1533,74.1683,687.8,0.0
25.1533,74.1486,687.8,0.0
25.1533,74.1289,687.8,0.0
25.1533,74.1092,575.0,0.0
25.1533,74.0894,575.0,0.0
25.1533,74.0694,429.1,0.0
25.1533,74.0494,1281.3,0.0
25.1533,74.0294,1195.2,0.0
25.1533,74.0094,1195.2,0.0
25.1353,74.2428,687.8,0.0
25.1353,74.2275,687.8,0.0
25.1353,74.2078,687.8,0.0
25.1353,74.188,687.8,0.0
25.1353,74.1683,687.8,0.0
25.1353,74.1486,687.8,0.0
25.1353,74.1289,687.8,0.0
25.1353,74.1092,687.8,0.0
25.1714,74.1289,575.0,0.0
25.1714,74.1486,575.0,0.0
25.1714,74.1683,575.0,0.0
25.2075,74.0094,429.1,0.0
25.2255,74.0494,429.1,0.0
25.2255,74.0294,429.1,0.0
25.2255,74.0094,278.6,0.0
25.2075,74.188,575.0,0.0
25.2075,74.1683,575.0,0.0
25.2075,74.1486,575.0,0.0
25.2075,74.1289,575.0,0.0
25.2075,74.1092,575.0,0.0
25.2075,74.0894,575.0,0.0
25.2075,74.0694,429.1,0.0
25.2075,74.0494,429.1,0.0
25.2075,74.0294,429.1,0.0
25.1894,74.2078,575.0,0.0
25.1714,74.188,575.0,0.0
25.1894,74.188,575.0,0.0
25.1894,74.1683,575.0,0.0
25.1894,74.1486,575.0,0.0
25.1894,74.1289,575.0,0.0
25.1894,74.1092,575.0,0.0
25.1894,74.0894,575.0,0.0
25.1894,74.0694,429.1,0.0
25.1894,74.0494,429.1,0.0
25.1894,74.0294,429.1,0.0
25.1894,74.0094,429.1,0.0
25.1714,74.2275,575.0,0.0
25.1714,74.2078,575.0,0.0
25.1353,74.0894,1281.3,0.0
25.1353,74.0694,1281.3,0.0
25.1353,74.0494,1195.2,0.0
25.063,74.0894,1281.3,0.0
25.0811,74.1289,1281.3,0.0
25.0811,74.1092,1281.3,0.0
25.0811,74.0894,1281.3,0.0
25.0811,74.0694,1195.2,0.0
25.0811,74.0494,1195.2,0.0
25.0811,74.0294,1195.2,0.0
25.0811,74.0094,1195.2,0.0
25.063,74.2275,687.8,0.0
25.063,74.2078,687.8,0.0
25.063,74.188,687.8,0.0
25.063,74.1289,1281.3,0.0
25.063,74.1092,1281.3,0.0
25.063,74.0694,1195.2,0.0
25.0811,74.188,687.8,0.0
25.063,74.0494,1195.2,0.0
25.063,74.0294,1195.2,0.0
25.063,74.0094,1092.1,0.0
25.045,74.1092,1281.3,0.0
25.045,74.0894,1281.3,0.0
25.045,74.0694,1195.2,0.0
25.045,74.0494,1195.2,0.0
25.045,74.0294,1195.2,0.0
25.045,74.0094,1092.1,0.0
25.0269,74.1092,1281.3,0.0
25.0269,74.0894,1281.3,0.0
25.0269,74.0694,1281.3,0.0
25.0811,74.1683,687.8,0.0
25.0811,74.2078,687.8,0.0
25.1353,74.0294,1195.2,0.0
25.1172,74.0294,1195.2,0.0
25.1353,74.0094,1195.2,0.0
25.1172,74.2428,687.8,0.0
25.1172,74.2275,687.8,0.0
25.1172,74.2078,687.8,0.0
25.1172,74.188,687.8,0.0
25.1172,74.1683,687.8,0.0
25.1172,74.1486,687.8,0.0
25.1172,74.1289,687.8,0.0
25.1172,74.1092,1281.3,0.0
25.1172,74.0894,1281.3,0.0
25.1172,74.0694,1281.3,0.0
25.1172,74.0494,1195.2,0.0
25.1172,74.0094,1195.2,0.0
25.0811,74.2275,687.8,0.0
25.0992,74.2275,687.8,0.0
25.0992,74.2078,687.8,0.0
25.0992,74.188,687.8,0.0
25.0992,74.1683,687.8,0.0
25.0992,74.1486,687.8,0.0
25.0992,74.1289,687.8,0.0
25.0992,74.1092,1281.3,0.0
25.0992,74.0894,1281.3,0.0
25.0992,74.0694,1281.3,0.0
25.0992,74.0494,1195.2,0.0
25.0992,74.0294,1195.2,0.0
25.0992,74.0094,1195.2,0.0
25.2255,74.0694,429.1,0.0
25.2255,74.0894,575.0,0.0
25.2255,74.1092,575.0,0.0
25.8315,74.4167,1180.6,0.0
25.85,74.3971,178.9,0.0
25.85,74.3775,178.9,0.0
25.85,74.3579,178.9,0.0
25.85,74.3383,178.9,0.0
25.85,74.3186,178.9,0.0
25.85,74.299,178.9,0.0
25.85,74.2794,178.9,0.0
25.85,74.2598,178.9,0.0
25.8315,74.4951,110.5,0.0
25.8315,74.4755,110.5,0.0
25.8315,74.4559,110.5,0.0
25.8315,74.4363,1180.6,0.0
25.8315,74.3971,178.9,0.0
25.85,74.4363,1180.6,0.0
25.8315,74.3775,178.9,0.0
25.8315,74.3579,178.9,0.0
25.8315,74.3383,178.9,0.0
25.8315,74.3186,178.9,0.0
25.8315,74.299,178.9,0.0
25.8315,74.2794,178.9,0.0
25.8315,74.2598,178.9,0.0
25.8134,74.4951,211.1,0.0
25.8134,74.4755,110.5,0.0
25.8134,74.4559,110.5,0.0
25.8134,74.4363,1180.6,0.0
25.8134,74.4167,1180.6,0.0
25.85,74.4167,178.9,0.0
25.85,74.4559,110.5,0.0
25.8134,74.3775,178.9,0.0
25.8681,74.4951,110.5,0.0
25.8862,74.4755,1704.3,0.0
25.8862,74.4559,136.1,0.0
25.8862,74.4363,161.6,0.0
25.8862,74.4167,161.6,0.0
25.8862,74.3971,161.6,0.0
25.8862,74.3775,161.6,0.0
25.8862,74.3579,161.6,0.0
25.8862,74.3383,161.6,0.0
25.8862,74.3186,178.9,0.0
25.8862,74.299,161.6,0.0
25.8862,74.2794,161.6,0.0
25.8862,74.2598,161.6,0.0
25.8681,74.4755,110.5,0.0
25.85,74.4755,110.5,0.0
25.8681,74.4559,1530.3,0.0
25.8681,74.4363,161.6,0.0
25.8681,74.4167,161.6,0.0
25.8681,74.3971,161.6,0.0
25.8681,74.3775,161.6,0.0
25.8681,74.3579,178.9,0.0
25.8681,74.3383,178.9,0.0
25.8681,74.3186,178.9,0.0
25.8681,74.299,178.9,0.0
25.8681,74.2794,178.9,0.0
25.8681,74.2598,161.6,0.0
25.85,74.4951,110.5,0.0
25.8134,74.3971,1180.6,0.0
25.8134,74.3579,178.9,0.0
25.2255,74.1289,575.0,0.0
25.7595,74.2598,333.9,0.0
25.7595,74.4951,211.1,0.0
25.7595,74.4755,211.1,0.0
25.7595,74.4559,211.1,0.0
25.7595,74.4363,211.1,0.0
25.7595,74.4167,211.1,0.0
25.7595,74.3971,1180.6,0.0
25.7595,74.3775,1180.6,0.0
25.7595,74.3579,797.4,0.0
25.7595,74.3383,333.9,0.0
25.7595,74.3186,333.9,0.0
25.7595,74.299,333.9,0.0
25.7595,74.2794,333.9,0.0
25.2436,74.188,575.0,0.0
25.7772,74.2794,333.9,0.0
25.2436,74.1683,575.0,0.0
25.2436,74.1486,575.0,0.0
25.2436,74.1289,575.0,0.0
25.2436,74.1092,575.0,0.0
25.2436,74.0894,575.0,0.0
25.2436,74.0694,130.0,0.0
25.2436,74.0494,429.1,0.0
25.2436,74.0294,429.1,0.0
25.2436,74.0094,278.6,0.0
25.2255,74.188,575.0,0.0
25.2255,74.1683,575.0,0.0
25.2255,74.1486,575.0,0.0
25.7772,74.2598,333.9,0.0
25.7772,74.299,333.9,0.0
25.8134,74.3383,178.9,0.0
25.7953,74.3383,178.9,0.0
25.8134,74.3186,178.9,0.0
25.8134,74.299,178.9,0.0
25.8134,74.2794,178.9,0.0
25.8134,74.2598,178.9,0.0
25.7953,74.4951,211.1,0.0
25.7953,74.4755,211.1,0.0
25.7953,74.4559,110.5,0.0
25.7953,74.4363,211.1,0.0
25.7953,74.4167,1180.6,0.0
25.7953,74.3971,1180.6,0.0
25.7953,74.3775,1180.6,0.0
25.7953,74.3579,178.9,0.0
25.7953,74.3186,178.9,0.0
25.7772,74.3186,333.9,0.0
25.7953,74.299,178.9,0.0
25.7953,74.2794,178.9,0.0
25.7953,74.2598,178.9,0.0
25.7772,74.4951,211.1,0.0
25.7772,74.4755,211.1,0.0
25.7772,74.4559,211.1,0.0
25.7772,74.4363,211.1,0.0
25.7772,74.4167,1180.6,0.0
25.7772,74.3971,1180.6,0.0
25.7772,74.3775,1180.6,0.0
25.7772,74.3579,1180.6,0.0
25.7772,74.3383,333.9,0.0
25.0269,74.0494,1195.2,0.0
25.0269,74.0294,1092.1,0.0
25.0269,74.0094,1092.1,0.0
25.2766,74.1678,256.4,0.0
25.2952,74.1678,256.4,0.0
25.2952,74.148,256.4,0.0
25.2952,74.1283,256.4,0.0
25.2952,74.1086,130.0,0.0
25.2952,74.0889,130.0,0.0
25.2952,74.0692,130.0,0.0
25.2952,74.0494,130.0,0.0
25.2952,74.0297,130.0,0.0
25.2952,74.01,130.0,0.0
25.2766,74.2269,256.4,0.0
25.2766,74.2072,256.4,0.0
25.2766,74.1875,256.4,0.0
25.2766,74.148,130.0,0.0
25.2952,74.2072,256.4,0.0
25.2766,74.1283,130.0,0.0
25.2766,74.1086,130.0,0.0
25.2766,74.0889,130.0,0.0
25.2766,74.0692,130.0,0.0
25.2766,74.0494,130.0,0.0
25.2766,74.0297,130.0,0.0
25.2766,74.01,130.0,0.0
25.2592,74.2072,256.4,0.0
25.2592,74.1875,256.4,0.0
25.2592,74.1678,256.4,0.0
25.2592,74.148,256.4,0.0
25.2592,74.1283,130.0,0.0
25.2952,74.1875,256.4,0.0
25.2952,74.2269,256.4,0.0
25.2592,74.0889,130.0,0.0
25.3314,74.01,130.0,0.0
25.3314,74.246,256.4,0.0
25.3314,74.2269,256.4,0.0
25.3314,74.2072,256.4,0.0
25.3314,74.1875,190.5,0.0
25.3314,74.1678,256.4,0.0
25.3314,74.148,256.4,0.0
25.3314,74.1283,256.4,0.0
25.3314,74.1086,256.4,0.0
25.3314,74.0889,130.0,0.0
25.3314,74.0692,130.0,0.0
25.3314,74.0494,130.0,0.0
25.3314,74.0297,130.0,0.0
25.3133,74.246,256.4,0.0
25.2952,74.246,256.4,0.0
25.3133,74.2269,256.4,0.0
25.3133,74.2072,256.4,0.0
25.3133,74.1875,256.4,0.0
25.3133,74.1678,256.4,0.0
25.3133,74.148,256.4,0.0
25.3133,74.1283,256.4,0.0
25.3133,74.1086,130.0,0.0
25.3133,74.0889,130.0,0.0
25.3133,74.0692,130.0,0.0
25.3133,74.0494,130.0,0.0
25.3133,74.0297,130.0,0.0
25.3133,74.01,130.0,0.0
25.2592,74.1086,130.0,0.0
25.2592,74.0692,130.0,0.0
25.3494,74.0297,190.5,0.0
25.69,74.228,753.2,0.0
25.7078,74.208,753.2,0.0
25.7078,74.188,753.2,0.0
25.7078,74.168,242.2,0.0
25.7078,74.148,242.2,0.0
25.7078,74.128,242.2,0.0
25.7078,74.108,242.2,0.0
25.7078,74.088,242.2,0.0
25.7078,74.068,242.2,0.0
25.7078,74.048,242.2,0.0
25.7078,74.028,242.2,0.0
25.7078,74.01,242.2,0.0
25.69,74.247,753.2,0.0
25.69,74.208,753.2,0.0
25.7078,74.247,753.2,0.0
25.69,74.188,753.2,0.0
25.69,74.168,753.2,0.0
25.69,74.148,242.2,0.0
25.69,74.128,242.2,0.0
25.69,74.108,242.2,0.0
25.69,74.088,242.2,0.0
25.69,74.068,242.2,0.0
25.69,74.048,242.2,0.0
25.69,74.028,445.9,0.0
25.69,74.01,445.9,0.0
25.6717,74.247,753.2,0.0
25.6717,74.228,753.2,0.0
25.7078,74.228,753.2,0.0
25.7256,74.01,242.2,0.0
25.2592,74.0494,130.0,0.0
25.7442,74.048,242.2,0.0
25.2592,74.0297,130.0,0.0
25.2592,74.01,130.0,0.0
25.7442,74.247,333.9,0.0
25.7442,74.228,333.9,0.0
25.7442,74.208,242.2,0.0
25.7442,74.188,242.2,0.0
25.7442,74.168,242.2,0.0
25.7442,74.148,242.2,0.0
25.7442,74.128,242.2,0.0
25.7442,74.108,242.2,0.0
25.7442,74.088,242.2,0.0
25.7442,74.068,242.2,0.0
25.7442,74.028,176.9,0.0
25.7256,74.028,242.2,0.0
25.7442,74.01,176.9,0.0
25.7256,74.247,753.2,0.0
25.7256,74.228,753.2,0.0
25.7256,74.208,753.2,0.0
25.7256,74.188,242.2,0.0
25.7256,74.168,242.2,0.0
25.7256,74.148,242.2,0.0
25.7256,74.128,242.2,0.0
25.7256,74.108,242.2,0.0
25.7256,74.088,242.2,0.0
25.7256,74.068,242.2,0.0
25.7256,74.048,242.2,0.0
25.3494,74.01,190.5,0.0
25.3494,74.0494,190.5,0.0
25.0089,74.0894,1281.3,0.0
25.4397,74.246,718.0,0.0
25.4578,74.2269,718.0,0.0
25.4578,74.2072,718.0,0.0
25.4578,74.1875,718.0,0.0
25.4578,74.1678,285.0,0.0
25.4578,74.148,285.0,0.0
25.4578,74.1283,285.0,0.0
25.4578,74.1086,285.0,0.0
25.4578,74.0889,285.0,0.0
25.4578,74.0692,285.0,0.0
25.4578,74.0494,285.0,0.0
25.4578,74.0297,238.5,0.0
25.4578,74.01,238.5,0.0
25.4397,74.2269,718.0,0.0
25.4758,74.01,238.5,0.0
25.4397,74.2072,718.0,0.0
25.4397,74.1875,718.0,0.0
25.4397,74.1678,718.0,0.0
25.4397,74.148,718.0,0.0
25.4397,74.1283,285.0,0.0
25.4397,74.1086,285.0,0.0
25.4397,74.0889,285.0,0.0
25.4397,74.0692,285.0,0.0
25.4397,74.0494,285.0,0.0
25.4397,74.0297,285.0,0.0
25.4397,74.01,285.0,0.0
25.4217,74.246,718.0,0.0
25.4578,74.246,718.0,0.0
25.4758,74.0297,238.5,0.0
25.4217,74.2072,190.5,0.0
25.4939,74.0692,238.5,0.0
25.0089,74.0494,141.8,0.0
25.0089,74.0294,141.8,0.0
25.0089,74.0094,1092.1,0.0
25.4939,74.246,134.7,0.0
25.4939,74.2269,718.0,0.0
25.4939,74.2072,718.0,0.0
25.4939,74.1875,718.0,0.0
25.4939,74.1678,238.5,0.0
25.4939,74.148,238.5,0.0
25.4939,74.1283,238.5,0.0
25.4939,74.1086,238.5,0.0
25.4939,74.0889,238.5,0.0
25.4939,74.0494,238.5,0.0
25.4758,74.0494,238.5,0.0
25.4939,74.0297,238.5,0.0
25.4939,74.01,238.5,0.0
25.4758,74.246,718.0,0.0
25.4758,74.2269,718.0,0.0
25.4758,74.2072,718.0,0.0
25.4758,74.1875,718.0,0.0
25.4758,74.1678,238.5,0.0
25.4758,74.148,238.5,0.0
25.4758,74.1283,238.5,0.0
25.4758,74.1086,285.0,0.0
25.4758,74.0889,238.5,0.0
25.4758,74.0692,238.5,0.0
25.4217,74.2269,718.0,0.0
25.4217,74.1875,190.5,0.0
25.3494,74.0692,190.5,0.0
25.3675,74.0889,190.5,0.0
25.3855,74.0692,190.5,0.0
25.3855,74.0494,285.0,0.0
25.3855,74.0297,285.0,0.0
25.3855,74.01,174.8,0.0
25.3675,74.246,190.5,0.0
25.3675,74.2269,190.5,0.0
25.3675,74.2072,190.5,0.0
25.3675,74.1875,190.5,0.0
25.3675,74.1678,190.5,0.0
25.3675,74.148,190.5,0.0
25.3675,74.1283,190.5,0.0
25.3675,74.1086,190.5,0.0
25.3675,74.0692,190.5,0.0
25.3855,74.1086,190.5,0.0
25.3675,74.0494,190.5,0.0
25.3675,74.0297,190.5,0.0
25.3675,74.01,190.5,0.0
25.3494,74.246,190.5,0.0
25.3494,74.2269,190.5,0.0
25.3494,74.2072,190.5,0.0
25.3494,74.1875,190.5,0.0
25.3494,74.1678,190.5,0.0
25.3494,74.148,190.5,0.0
25.3494,74.1283,190.5,0.0
25.3494,74.1086,190.5,0.0
25.3494,74.0889,190.5,0.0
25.3855,74.0889,190.5,0.0
25.3855,74.1283,190.5,0.0
25.4217,74.1678,190.5,0.0
25.4036,74.1678,190.5,0.0
25.4217,74.148,718.0,0.0
25.4217,74.1283,718.0,0.0
25.4217,74.1086,718.0,0.0
25.4217,74.0889,285.0,0.0
25.4217,74.0692,285.0,0.0
25.4217,74.0494,285.0,0.0
25.4217,74.0297,285.0,0.0
25.4217,74.01,285.0,0.0
25.4036,74.246,718.0,0.0
25.4036,74.2269,718.0,0.0
25.4036,74.2072,190.5,0.0
25.4036,74.1875,190.5,0.0
25.4036,74.148,190.5,0.0
25.3855,74.148,190.5,0.0
25.4036,74.1283,190.5,0.0
25.4036,74.1086,190.5,0.0
25.4036,74.0889,285.0,0.0
25.4036,74.0692,285.0,0.0
25.4036,74.0494,285.0,0.0
25.4036,74.0297,285.0,0.0
25.4036,74.01,174.8,0.0
25.3855,74.246,190.5,0.0
25.3855,74.2269,190.5,0.0
25.3855,74.2072,190.5,0.0
25.3855,74.1875,190.5,0.0
25.3855,74.1678,190.5,0.0
25.8862,74.4951,1704.3,0.0
25.9043,74.2598,161.6,0.0
25.9043,74.2794,161.6,0.0
25.4758,74.439,128.9,0.0
25.0088,74.34,249.0,0.0
25.4936,74.439,128.9,0.0
25.4936,74.419,128.9,0.0
25.4936,74.399,128.9,0.0
25.4936,74.379,134.7,0.0
25.4936,74.359,134.7,0.0
25.4936,74.339,134.7,0.0
25.4936,74.32,134.7,0.0
25.4936,74.3,134.7,0.0
25.4936,74.28,134.7,0.0
25.4936,74.26,134.7,0.0
25.4758,74.459,128.9,0.0
25.4758,74.419,128.9,0.0
25.0088,74.4,249.0,0.0
25.4758,74.399,128.9,0.0
25.4758,74.379,128.9,0.0
25.4758,74.359,158.3,0.0
25.4758,74.339,158.3,0.0
25.4758,74.32,158.3,0.0
25.4758,74.3,158.3,0.0
25.4758,74.28,158.3,0.0
25.4758,74.26,718.0,0.0
25.4578,74.479,128.9,0.0
25.4578,74.459,128.9,0.0
25.4578,74.439,128.9,0.0
25.4578,74.419,128.9,0.0
25.0088,74.38,249.0,0.0
25.0088,74.42,249.0,0.0
25.4578,74.379,128.9,0.0
25.063,74.46,249.0,0.0
25.7771,74.5901,211.1,0.0
25.7771,74.5701,211.1,0.0
25.7771,74.5501,211.1,0.0
25.7771,74.5301,211.1,0.0
25.7771,74.5101,211.1,0.0
25.759,74.5901,211.1,0.0
25.759,74.5701,211.1,0.0
25.759,74.5501,211.1,0.0
25.759,74.5301,211.1,0.0
25.759,74.5101,211.1,0.0
25.063,74.495,198.8,0.0
25.063,74.48,150.9,0.0
25.045,74.495,150.9,0.0
25.0088,74.44,249.0,0.0
25.045,74.48,150.9,0.0
25.045,74.46,249.0,0.0
25.045,74.44,249.0,0.0
25.0269,74.495,150.9,0.0
25.0269,74.48,249.0,0.0
25.0269,74.46,249.0,0.0
25.0269,74.44,249.0,0.0
25.0269,74.42,249.0,0.0
25.0269,74.4,249.0,0.0
25.0088,74.495,249.0,0.0
25.0088,74.48,249.0,0.0
25.0088,74.46,249.0,0.0
25.4578,74.399,128.9,0.0
25.4578,74.359,158.3,0.0
25.7771,74.6301,211.1,0.0
25.4036,74.26,718.0,0.0
25.4036,74.495,128.9,0.0
25.4036,74.479,128.9,0.0
25.4036,74.459,128.9,0.0
25.4036,74.439,128.9,0.0
25.4036,74.419,158.3,0.0
25.4036,74.399,158.3,0.0
25.4036,74.379,158.3,0.0
25.4036,74.359,158.3,0.0
25.4036,74.339,158.3,0.0
25.4036,74.32,158.3,0.0
25.4036,74.3,718.0,0.0
25.4036,74.28,718.0,0.0
25.3855,74.459,128.9,0.0
25.4217,74.28,718.0,0.0
25.3855,74.439,158.3,0.0
25.3855,74.419,158.3,0.0
25.3855,74.399,158.3,0.0
25.3855,74.379,158.3,0.0
25.3855,74.359,158.3,0.0
25.3855,74.339,158.3,0.0
25.3855,74.32,158.3,0.0
25.3855,74.3,718.0,0.0
25.3855,74.28,718.0,0.0
25.3855,74.26,190.5,0.0
25.3675,74.459,158.3,0.0
25.3675,74.379,158.3,0.0
25.4217,74.26,718.0,0.0
25.4217,74.3,158.3,0.0
25.4578,74.339,158.3,0.0
25.4397,74.339,158.3,0.0
25.4578,74.32,158.3,0.0
25.4578,74.3,158.3,0.0
25.4578,74.28,718.0,0.0
25.4578,74.26,718.0,0.0
25.4397,74.495,128.9,0.0
25.4397,74.479,128.9,0.0
25.4397,74.459,128.9,0.0
25.4397,74.439,128.9,0.0
25.4397,74.419,128.9,0.0
25.4397,74.399,128.9,0.0
25.4397,74.379,158.3,0.0
25.4397,74.359,158.3,0.0
25.4397,74.32,158.3,0.0
25.4217,74.32,158.3,0.0
25.4397,74.3,158.3,0.0
25.4397,74.28,718.0,0.0
25.4397,74.26,718.0,0.0
25.4217,74.495,128.9,0.0
25.4217,74.479,128.9,0.0
25.4217,74.459,128.9,0.0
25.4217,74.439,128.9,0.0
25.4217,74.419,128.9,0.0
25.4217,74.399,158.3,0.0
25.4217,74.379,158.3,0.0
25.4217,74.359,158.3,0.0
25.4217,74.339,158.3,0.0
25.7771,74.6101,211.1,0.0
25.7952,74.5101,211.1,0.0
25.3675,74.339,158.3,0.0
25.9399,74.7102,2617.2,0.0
25.9579,74.6902,575.1,0.0
25.9579,74.6702,575.1,0.0
25.9579,74.6502,497.2,0.0
25.9579,74.6301,497.2,0.0
25.9579,74.6101,497.2,0.0
25.9579,74.5901,497.2,0.0
25.9579,74.5701,497.2,0.0
25.9579,74.5501,497.2,0.0
25.9579,74.5301,497.2,0.0
25.9579,74.5101,497.2,0.0
25.9399,74.7453,2617.2,0.0
25.9399,74.7302,2617.2,0.0
25.9399,74.6902,575.1,0.0
25.9579,74.7302,2617.2,0.0
25.9399,74.6702,575.1,0.0
25.9399,74.6502,575.1,0.0
25.9399,74.6301,497.2,0.0
25.9399,74.6101,497.2,0.0
25.9399,74.5901,497.2,0.0
25.9399,74.5701,497.2,0.0
25.9399,74.5501,497.2,0.0
25.9399,74.5301,497.2,0.0
25.9399,74.5101,497.2,0.0
25.9218,74.7453,2617.2,0.0
25.9218,74.7302,2617.2,0.0
25.9218,74.7102,2617.2,0.0
25.9579,74.7102,2617.2,0.0
25.9762,74.5101,497.2,0.0
25.9218,74.6702,1841.9,0.0
25.9943,74.5501,295.3,0.0
25.6359,74.5099,400.8,0.0
25.6174,74.5098,400.8,0.0
25.9943,74.7453,2617.2,0.0
25.9943,74.7302,2617.2,0.0
25.9943,74.7102,2617.2,0.0
25.9943,74.6902,575.1,0.0
25.9943,74.6702,575.1,0.0
25.9943,74.6502,497.2,0.0
25.9943,74.6301,497.2,0.0
25.9943,74.6101,497.2,0.0
25.9943,74.5901,497.2,0.0
25.9943,74.5701,497.2,0.0
25.9943,74.5301,295.3,0.0
25.9762,74.5301,295.3,0.0
25.9943,74.5101,295.3,0.0
25.9762,74.7453,2617.2,0.0
25.9762,74.7302,2617.2,0.0
25.9762,74.7102,2617.2,0.0
25.9762,74.6902,575.1,0.0
25.9762,74.6702,575.1,0.0
25.9762,74.6502,497.2,0.0
25.9762,74.6301,497.2,0.0
25.9762,74.6101,497.2,0.0
25.9762,74.5901,497.2,0.0
25.9762,74.5701,497.2,0.0
25.9762,74.5501,497.2,0.0
25.9218,74.6902,1841.9,0.0
25.9218,74.6301,497.2,0.0
25.7952,74.5301,211.1,0.0
25.759,73.8397,221.5,0.0
25.8856,74.5101,1704.3,0.0
25.8675,74.7453,111.5,0.0
25.8675,74.7302,111.5,0.0
25.8675,74.7102,111.5,0.0
25.8675,74.6902,111.5,0.0
25.8675,74.6702,111.5,0.0
25.8675,74.5901,110.5,0.0
25.8675,74.5701,110.5,0.0
25.8675,74.5501,110.5,0.0
25.8675,74.5301,110.5,0.0
25.8675,74.5101,110.5,0.0
25.8494,74.7302,111.5,0.0
25.8494,74.5501,110.5,0.0
25.8856,74.5501,110.5,0.0
25.8494,74.5301,110.5,0.0
25.8494,74.5101,110.5,0.0
25.8314,74.5301,110.5,0.0
25.8314,74.5101,110.5,0.0
25.8133,74.5501,211.1,0.0
25.8133,74.5301,211.1,0.0
25.8133,74.5101,211.1,0.0
25.7952,74.6301,211.1,0.0
25.7952,74.6101,211.1,0.0
25.7952,74.5901,211.1,0.0
25.7952,74.5701,211.1,0.0
25.7952,74.5501,211.1,0.0
25.8856,74.5301,110.5,0.0
25.8856,74.5701,110.5,0.0
25.9218,74.6101,497.2,0.0
25.9037,74.6101,1841.9,0.0
25.9218,74.5901,497.2,0.0
25.9218,74.5701,497.2,0.0
25.9218,74.5501,497.2,0.0
25.9218,74.5301,497.2,0.0
25.9218,74.5101,497.2,0.0
25.9037,74.7453,111.5,0.0
25.9037,74.7302,111.5,0.0
25.9037,74.7102,111.5,0.0
25.9037,74.6902,111.5,0.0
25.9037,74.6702,111.5,0.0
25.9037,74.6502,111.5,0.0
25.9037,74.6301,1841.9,0.0
25.9037,74.5901,1704.3,0.0
25.8856,74.5901,110.5,0.0
25.9037,74.5701,110.5,0.0
25.9037,74.5501,1704.3,0.0
25.9037,74.5301,1704.3,0.0
25.9037,74.5101,1704.3,0.0
25.8856,74.7453,111.5,0.0
25.8856,74.7302,111.5,0.0
25.8856,74.7102,111.5,0.0
25.8856,74.6902,111.5,0.0
25.8856,74.6702,111.5,0.0
25.8856,74.6502,111.5,0.0
25.8856,74.6301,1841.9,0.0
25.8856,74.6101,1841.9,0.0
25.3675,74.359,158.3,0.0
25.3675,74.32,158.3,0.0
25.9043,74.299,161.6,0.0
25.9949,74.4755,295.3,0.0
25.5269,74.2598,134.7,0.0
25.5089,74.4363,272.3,0.0
25.5089,74.4167,272.3,0.0
25.5089,74.3971,272.3,0.0
25.5089,74.3775,134.7,0.0
25.5089,74.3579,134.7,0.0
25.5089,74.3383,134.7,0.0
25.5089,74.3186,134.7,0.0
25.5089,74.299,134.7,0.0
25.5089,74.2794,134.7,0.0
25.5089,74.2598,134.7,0.0
25.9949,74.4951,295.3,0.0
25.9949,74.4559,295.3,0.0
25.5269,74.299,134.7,0.0
25.9949,74.4363,295.3,0.0
25.9949,74.4167,136.1,0.0
25.9949,74.3971,136.1,0.0
25.9949,74.3775,136.1,0.0
25.9949,74.3579,136.1,0.0
25.9949,74.3383,135.6,0.0
25.9949,74.3186,135.6,0.0
25.9949,74.299,135.6,0.0
25.9949,74.2794,135.6,0.0
25.9949,74.2598,135.6,0.0
25.9768,74.4951,497.2,0.0
25.9768,74.4755,497.2,0.0
25.5269,74.2794,134.7,0.0
25.5269,74.3186,134.7,0.0
25.9768,74.4363,136.1,0.0
25.545,74.4167,272.3,0.0
25.563,74.4363,272.3,0.0
25.563,74.4167,272.3,0.0
25.563,74.3971,272.3,0.0
25.563,74.3775,272.3,0.0
25.563,74.3579,272.3,0.0
25.563,74.3383,272.3,0.0
25.563,74.3186,134.7,0.0
25.563,74.299,134.7,0.0
25.563,74.2794,134.7,0.0
25.563,74.2598,134.7,0.0
25.545,74.4559,400.8,0.0
25.545,74.4363,272.3,0.0
25.545,74.3971,272.3,0.0
25.5269,74.3383,134.7,0.0
25.545,74.3775,272.3,0.0
25.545,74.3579,272.3,0.0
25.545,74.3383,134.7,0.0
25.545,74.3186,134.7,0.0
25.545,74.299,134.7,0.0
25.545,74.2794,134.7,0.0
25.545,74.2598,134.7,0.0
25.5269,74.4363,272.3,0.0
25.5269,74.4167,272.3,0.0
25.5269,74.3971,272.3,0.0
25.5269,74.3775,134.7,0.0
25.5269,74.3579,134.7,0.0
25.9768,74.4559,497.2,0.0
25.9768,74.4167,136.1,0.0
25.563,74.4755,400.8,0.0
25.9224,74.3186,161.6,0.0
25.9406,74.299,161.6,0.0
25.9406,74.2794,161.6,0.0
25.9406,74.2598,135.6,0.0
25.9224,74.4951,1704.3,0.0
25.9224,74.4755,1704.3,0.0
25.9224,74.4559,136.1,0.0
25.9224,74.4363,136.1,0.0
25.9224,74.4167,136.1,0.0
25.9224,74.3971,136.1,0.0
25.9224,74.3775,161.6,0.0
25.9224,74.3579,161.6,0.0
25.9224,74.3383,161.6,0.0
25.9224,74.299,161.6,0.0
25.9406,74.3383,161.6,0.0
25.9224,74.2794,161.6,0.0
25.9224,74.2598,249.9,0.0
25.9043,74.4951,1704.3,0.0
25.9043,74.4755,136.1,0.0
25.9043,74.4559,136.1,0.0
25.9043,74.4363,136.1,0.0
25.9043,74.4167,136.1,0.0
25.9043,74.3971,161.6,0.0
25.9043,74.3775,161.6,0.0
25.9043,74.3579,161.6,0.0
25.9043,74.3383,161.6,0.0
25.9043,74.3186,161.6,0.0
25.9406,74.3186,161.6,0.0
25.9406,74.3579,161.6,0.0
25.9768,74.3971,136.1,0.0
25.9587,74.3971,136.1,0.0
25.9768,74.3775,136.1,0.0
25.9768,74.3579,136.1,0.0
25.9768,74.3383,161.6,0.0
25.9768,74.3186,135.6,0.0
25.9768,74.299,135.6,0.0
25.9768,74.2794,135.6,0.0
25.9768,74.2598,135.6,0.0
25.9587,74.4951,497.2,0.0
25.9587,74.4755,497.2,0.0
25.9587,74.4559,497.2,0.0
25.9587,74.4363,136.1,0.0
25.9587,74.4167,136.1,0.0
25.9587,74.3775,136.1,0.0
25.9406,74.3775,136.1,0.0
25.9587,74.3579,136.1,0.0
25.9587,74.3383,161.6,0.0
25.9587,74.3186,161.6,0.0
25.9587,74.299,161.6,0.0
25.9587,74.2794,135.6,0.0
25.9587,74.2598,135.6,0.0
25.9406,74.4951,497.2,0.0
25.9406,74.4755,497.2,0.0
25.9406,74.4559,136.1,0.0
25.9406,74.4363,136.1,0.0
25.9406,74.4167,136.1,0.0
25.9406,74.3971,136.1,0.0
25.563,74.4559,400.8,0.0
25.5811,74.2598,134.7,0.0
25.3675,74.3,718.0,0.0
25.6906,74.4363,211.1,0.0
25.7268,74.2794,753.2,0.0
25.7268,74.2598,753.2,0.0
25.7087,74.4363,211.1,0.0
25.7087,74.4167,211.1,0.0
25.7087,74.3971,211.1,0.0
25.7087,74.3775,211.1,0.0
25.7087,74.3579,797.4,0.0
25.7087,74.3383,797.4,0.0
25.7087,74.3186,797.4,0.0
25.7087,74.299,753.2,0.0
25.7087,74.2794,753.2,0.0
25.7087,74.2598,753.2,0.0
25.6906,74.4167,211.1,0.0
25.7268,74.3186,797.4,0.0
25.6906,74.3971,211.1,0.0
25.6906,74.3775,211.1,0.0
25.6906,74.3579,211.1,0.0
25.6906,74.3383,797.4,0.0
25.6906,74.3186,753.2,0.0
25.6906,74.299,753.2,0.0
25.6906,74.2794,753.2,0.0
25.6906,74.2598,753.2,0.0
25.6722,74.4167,211.1,0.0
25.6722,74.3971,211.1,0.0
25.6722,74.3775,211.1,0.0
25.6722,74.3579,211.1,0.0
25.7268,74.299,333.9,0.0
25.7268,74.3383,797.4,0.0
25.6722,74.3186,753.2,0.0
25.7449,74.4167,211.1,0.0
25.3675,74.28,718.0,0.0
25.3675,74.26,190.5,0.0
25.3494,74.3,718.0,0.0
25.3494,74.28,454.6,0.0
25.3494,74.26,190.5,0.0
25.3314,74.28,454.6,0.0
25.3314,74.26,256.4,0.0
25.3133,74.26,256.4,0.0
25.2953,74.26,256.4,0.0
25.7449,74.4755,211.1,0.0
25.7449,74.4559,211.1,0.0
25.7449,74.4363,211.1,0.0
25.7449,74.3971,1180.6,0.0
25.7268,74.3579,797.4,0.0
25.7449,74.3775,797.4,0.0
25.7449,74.3579,797.4,0.0
25.7449,74.3383,797.4,0.0
25.7449,74.3186,333.9,0.0
25.7449,74.299,333.9,0.0
25.7449,74.2794,333.9,0.0
25.7449,74.2598,333.9,0.0
25.7268,74.4559,211.1,0.0
25.7268,74.4363,211.1,0.0
25.7268,74.4167,211.1,0.0
25.7268,74.3971,211.1,0.0
25.7268,74.3775,797.4,0.0
25.6722,74.3383,211.1,0.0
25.6722,74.299,753.2,0.0
25.5811,74.2794,272.3,0.0
25.5992,74.3186,272.3,0.0
25.6172,74.3186,272.3,0.0
25.6172,74.299,272.3,0.0
25.6172,74.2794,753.2,0.0
25.6172,74.2598,753.2,0.0
25.5992,74.4755,400.8,0.0
25.5992,74.4559,400.8,0.0
25.5992,74.4363,400.8,0.0
25.5992,74.4167,400.8,0.0
25.5992,74.3971,272.3,0.0
25.5992,74.3775,272.3,0.0
25.5992,74.3579,272.3,0.0
25.5992,74.3383,272.3,0.0
25.5992,74.299,272.3,0.0
25.6172,74.3579,272.3,0.0
25.5992,74.2794,753.2,0.0
25.5992,74.2598,753.2,0.0
25.5811,74.4755,400.8,0.0
25.5811,74.4559,400.8,0.0
25.5811,74.4363,400.8,0.0
25.5811,74.4167,272.3,0.0
25.5811,74.3971,272.3,0.0
25.5811,74.3775,272.3,0.0
25.5811,74.3579,272.3,0.0
25.5811,74.3383,272.3,0.0
25.5811,74.3186,272.3,0.0
25.5811,74.299,272.3,0.0
25.6172,74.3383,272.3,0.0
25.6172,74.3775,272.3,0.0
25.6722,74.2794,753.2,0.0
25.6362,74.4167,400.8,0.0
25.6722,74.2598,753.2,0.0
25.6543,74.4363,400.8,0.0
25.6543,74.4167,400.8,0.0
25.6543,74.3971,400.8,0.0
25.6543,74.3775,400.8,0.0
25.6543,74.3579,400.8,0.0
25.6543,74.3383,400.8,0.0
25.6543,74.3186,753.2,0.0
25.6543,74.299,753.2,0.0
25.6543,74.2794,753.2,0.0
25.6543,74.2598,753.2,0.0
25.6362,74.4363,400.8,0.0
25.6362,74.3971,400.8,0.0
25.6172,74.3971,400.8,0.0
25.6362,74.3775,400.8,0.0
25.6362,74.3579,400.8,0.0
25.6362,74.3383,400.8,0.0
25.6362,74.3186,400.8,0.0
25.6362,74.299,753.2,0.0
25.6362,74.2794,753.2,0.0
25.6362,74.2598,753.2,0.0
25.6172,74.4944,400.8,0.0
25.6172,74.4755,400.8,0.0
25.6172,74.4559,400.8,0.0
25.6172,74.4363,400.8,0.0
25.6172,74.4167,400.8,0.0
25.6717,74.208,753.2,0.0
25.6717,74.188,753.2,0.0
25.6717,74.168,753.2,0.0
26.545,74.9207,160.3,0.0
26.5631,74.9408,160.3,0.0
26.5631,74.9207,160.3,0.0
26.5631,74.9006,160.3,0.0
26.5631,74.8604,160.3,0.0
26.5631,74.8203,261.4,0.0
26.5631,74.8002,261.4,0.0
26.5631,74.7801,149.9,0.0
26.5631,74.76,149.9,0.0
26.545,75.0,160.3,0.0
26.545,74.9809,160.3,0.0
26.545,74.9608,160.3,0.0
26.545,74.9408,160.3,0.0
26.545,74.9006,160.3,0.0
26.5631,74.9809,160.3,0.0
26.545,74.8805,160.3,0.0
26.545,74.8604,160.3,0.0
26.545,74.8404,160.3,0.0
26.545,74.8203,261.4,0.0
26.545,74.8002,149.9,0.0
26.545,74.7801,149.9,0.0
26.545,74.76,149.9,0.0
26.527,75.0,303.4,0.0
26.527,74.9809,303.4,0.0
26.527,74.9608,303.4,0.0
26.527,74.9408,303.4,0.0
26.527,74.9207,303.4,0.0
26.5631,74.9608,160.3,0.0
26.5631,75.0,160.3,0.0
26.527,74.8805,160.3,0.0
26.5991,74.8203,261.4,0.0
26.2589,74.82,162.8,0.0
26.2589,74.8,305.6,0.0
26.2589,74.78,305.6,0.0
26.2589,74.76,305.6,0.0
26.5991,75.0,172.4,0.0
26.5991,74.9809,172.4,0.0
26.5991,74.9608,160.3,0.0
26.5991,74.9408,160.3,0.0
26.5991,74.9207,160.3,0.0
26.5991,74.9006,160.3,0.0
26.5991,74.8805,160.3,0.0
26.5991,74.8404,112.9,0.0
26.5991,74.8002,261.4,0.0
26.5811,74.76,261.4,0.0
26.5991,74.7801,261.4,0.0
26.5991,74.76,261.4,0.0
26.5811,75.0,160.3,0.0
26.5811,74.9809,160.3,0.0
26.5811,74.9608,160.3,0.0
26.5811,74.9408,160.3,0.0
26.5811,74.9207,160.3,0.0
26.5811,74.9006,160.3,0.0
26.5811,74.8805,160.3,0.0
26.5811,74.8203,261.4,0.0
26.5811,74.8002,261.4,0.0
26.5811,74.7801,261.4,0.0
26.527,74.9006,160.3,0.0
26.527,74.8604,160.3,0.0
26.2589,74.86,162.8,0.0
26.2256,74.51,170.8,0.0
26.2256,74.75,305.6,0.0
26.2256,74.7308,157.0,0.0
26.2256,74.7108,157.0,0.0
26.2256,74.6906,298.4,0.0
26.2256,74.6706,157.0,0.0
26.2256,74.6506,157.0,0.0
26.2256,74.6303,157.0,0.0
26.2256,74.6103,157.0,0.0
26.2256,74.5903,157.0,0.0
26.2256,74.57,157.0,0.0
26.2256,74.5502,170.8,0.0
26.2256,74.53,170.8,0.0
26.2075,74.75,305.6,0.0
26.2436,74.53,170.8,0.0
26.2075,74.7308,298.4,0.0
26.2075,74.7108,298.4,0.0
26.2075,74.6906,298.4,0.0
26.2075,74.6706,157.0,0.0
26.2075,74.6506,157.0,0.0
26.2075,74.6303,157.0,0.0
26.2075,74.6103,157.0,0.0
26.2075,74.5903,157.0,0.0
26.2075,74.57,157.0,0.0
26.2075,74.5502,157.0,0.0
26.2075,74.53,170.8,0.0
26.2075,74.51,170.8,0.0
26.2436,74.51,170.8,0.0
26.2436,74.5502,170.8,0.0
26.527,74.8404,160.3,0.0
26.509,74.8404,160.3,0.0
26.527,74.8203,149.9,0.0
26.527,74.8002,149.9,0.0
26.527,74.7801,149.9,0.0
26.527,74.76,149.9,0.0
26.509,75.0,303.4,0.0
26.509,74.9809,303.4,0.0
26.509,74.9608,303.4,0.0
26.509,74.9408,303.4,0.0
26.509,74.9207,303.4,0.0
26.509,74.9006,303.4,0.0
26.509,74.8805,303.4,0.0
26.509,74.8604,160.3,0.0
26.509,74.8203,149.9,0.0
26.2436,74.57,170.8,0.0
26.509,74.8002,149.9,0.0
26.509,74.7801,149.9,0.0
26.509,74.76,149.9,0.0
26.2436,74.75,305.6,0.0
26.2436,74.7308,157.0,0.0
26.2436,74.7108,157.0,0.0
26.2436,74.6906,157.0,0.0
26.2436,74.6706,157.0,0.0
26.2436,74.6506,157.0,0.0
26.2436,74.6303,157.0,0.0
26.2436,74.6103,157.0,0.0
26.2436,74.5903,157.0,0.0
26.2589,74.84,162.8,0.0
26.2589,74.88,162.8,0.0
26.1894,74.7308,298.4,0.0
26.3672,74.82,162.8,0.0
26.3853,74.8,153.5,0.0
26.3853,74.78,153.5,0.0
26.3853,74.76,153.5,0.0
26.3672,74.995,648.5,0.0
26.3672,74.98,648.5,0.0
26.3672,74.96,304.5,0.0
26.3672,74.94,304.5,0.0
26.3672,74.92,304.5,0.0
26.3672,74.9,304.5,0.0
26.3672,74.88,153.5,0.0
26.3672,74.86,153.5,0.0
26.3672,74.84,162.8,0.0
26.3672,74.8,153.5,0.0
26.3853,74.84,153.5,0.0
26.3672,74.78,162.8,0.0
26.3672,74.76,162.8,0.0
26.3492,74.995,648.5,0.0
26.3492,74.98,648.5,0.0
26.3492,74.96,648.5,0.0
26.3492,74.94,304.5,0.0
26.3492,74.92,304.5,0.0
26.3492,74.9,162.8,0.0
26.3492,74.88,162.8,0.0
26.3492,74.86,162.8,0.0
26.3492,74.84,162.8,0.0
26.3492,74.82,162.8,0.0
26.3853,74.82,153.5,0.0
26.3853,74.86,153.5,0.0
26.3492,74.78,162.8,0.0
26.4033,74.9,304.5,0.0
26.4214,74.88,304.5,0.0
26.4214,74.86,304.5,0.0
26.4214,74.84,153.5,0.0
26.4214,74.82,153.5,0.0
26.4214,74.8,153.5,0.0
26.4214,74.78,153.5,0.0
26.4214,74.76,153.5,0.0
26.4033,74.995,141.8,0.0
26.4033,74.98,141.8,0.0
26.4033,74.96,141.8,0.0
26.4033,74.94,304.5,0.0
26.4033,74.92,304.5,0.0
26.4033,74.88,304.5,0.0
26.3853,74.88,153.5,0.0
26.4033,74.86,153.5,0.0
26.4033,74.84,153.5,0.0
26.4033,74.82,153.5,0.0
26.4033,74.8,153.5,0.0
26.4033,74.78,153.5,0.0
26.4033,74.76,153.5,0.0
26.3853,74.995,141.8,0.0
26.3853,74.98,141.8,0.0
26.3853,74.96,304.5,0.0
26.3853,74.94,304.5,0.0
26.3853,74.92,304.5,0.0
26.3853,74.9,304.5,0.0
26.3492,74.8,162.8,0.0
26.3492,74.76,162.8,0.0
26.2589,74.9,648.5,0.0
26.2769,74.92,304.5,0.0
26.295,74.9,162.8,0.0
26.295,74.88,162.8,0.0
26.295,74.86,162.8,0.0
26.295,74.84,162.8,0.0
26.295,74.82,162.8,0.0
26.295,74.8,162.8,0.0
26.295,74.78,305.6,0.0
26.295,74.76,305.6,0.0
26.2769,74.995,648.5,0.0
26.2769,74.98,648.5,0.0
26.2769,74.96,648.5,0.0
26.2769,74.94,648.5,0.0
26.2769,74.9,162.8,0.0
26.295,74.94,648.5,0.0
26.2769,74.88,162.8,0.0
26.2769,74.86,162.8,0.0
26.2769,74.84,162.8,0.0
26.2769,74.82,162.8,0.0
26.2769,74.8,162.8,0.0
26.2769,74.78,305.6,0.0
26.2769,74.76,305.6,0.0
26.2589,74.995,648.5,0.0
26.2589,74.98,648.5,0.0
26.2589,74.96,648.5,0.0
26.2589,74.94,648.5,0.0
26.2589,74.92,648.5,0.0
26.295,74.92,304.5,0.0
26.295,74.96,648.5,0.0
26.3311,74.995,648.5,0.0
26.3131,74.995,648.5,0.0
26.3311,74.98,648.5,0.0
26.3311,74.96,648.5,0.0
26.3311,74.94,304.5,0.0
26.3311,74.92,304.5,0.0
26.3311,74.9,162.8,0.0
26.3311,74.88,162.8,0.0
26.3311,74.86,162.8,0.0
26.3311,74.84,162.8,0.0
26.3311,74.82,162.8,0.0
26.3311,74.8,162.8,0.0
26.3311,74.78,162.8,0.0
26.3311,74.76,305.6,0.0
26.3131,74.98,648.5,0.0
26.295,74.98,648.5,0.0
26.3131,74.96,648.5,0.0
26.3131,74.94,648.5,0.0
26.3131,74.92,304.5,0.0
26.3131,74.9,162.8,0.0
26.3131,74.88,162.8,0.0
26.3131,74.86,162.8,0.0
26.3131,74.84,162.8,0.0
26.3131,74.82,162.8,0.0
26.3131,74.8,162.8,0.0
26.3131,74.78,162.8,0.0
26.3131,74.76,305.6,0.0
26.295,74.995,648.5,0.0
26.1894,74.75,443.9,0.0
26.1894,74.7108,298.4,0.0
26.4214,74.92,304.5,0.0
26.4756,74.53,278.9,0.0
26.4936,74.53,278.9,0.0
26.4936,74.51,278.9,0.0
26.4756,74.75,149.9,0.0
26.4756,74.7308,149.9,0.0
26.4756,74.7108,149.9,0.0
26.4756,74.6906,149.9,0.0
26.4756,74.6706,174.4,0.0
26.4756,74.6506,174.4,0.0
26.4756,74.6103,174.4,0.0
26.4756,74.5903,174.4,0.0
26.4756,74.57,145.9,0.0
26.4756,74.5502,145.9,0.0
26.4756,74.51,278.9,0.0
26.4936,74.57,145.9,0.0
26.4575,74.75,149.9,0.0
26.4575,74.7308,149.9,0.0
26.4575,74.7108,149.9,0.0
26.4575,74.6906,174.4,0.0
26.4575,74.6706,174.4,0.0
26.4575,74.6103,174.4,0.0
26.4575,74.5903,174.4,0.0
26.4575,74.57,174.4,0.0
26.4575,74.5502,145.9,0.0
26.4575,74.53,278.9,0.0
26.4575,74.51,278.9,0.0
26.4394,74.75,153.5,0.0
26.4936,74.5502,145.9,0.0
26.4936,74.5903,145.9,0.0
26.4394,74.7108,149.9,0.0
26.0089,74.6303,497.2,0.0
26.0269,74.6103,497.2,0.0
26.0269,74.5903,497.2,0.0
26.0269,74.57,295.3,0.0
26.0269,74.5502,295.3,0.0
26.0269,74.53,295.3,0.0
26.0269,74.51,295.3,0.0
26.0089,74.75,190.8,0.0
26.0089,74.7308,190.8,0.0
26.0089,74.7108,2617.2,0.0
26.0089,74.6906,575.1,0.0
26.0089,74.6706,575.1,0.0
26.0089,74.6506,575.1,0.0
26.0089,74.6103,497.2,0.0
26.4936,74.6103,174.4,0.0
26.0089,74.5903,497.2,0.0
26.0089,74.57,497.2,0.0
26.0089,74.5502,295.3,0.0
26.0089,74.53,295.3,0.0
26.0089,74.51,295.3,0.0
26.4936,74.75,149.9,0.0
26.4936,74.7308,149.9,0.0
26.4936,74.7108,149.9,0.0
26.4936,74.6906,149.9,0.0
26.4936,74.6706,149.9,0.0
26.4936,74.6506,174.4,0.0
26.4936,74.6303,174.4,0.0
26.4394,74.7308,149.9,0.0
26.4394,74.6906,174.4,0.0
26.0269,74.6506,575.1,0.0
26.3853,74.57,344.6,0.0
26.4033,74.5502,344.6,0.0
26.4033,74.53,344.6,0.0
26.4033,74.51,344.6,0.0
26.3853,74.75,153.5,0.0
26.3853,74.7308,153.5,0.0
26.3853,74.7108,305.6,0.0
26.3853,74.6906,305.6,0.0
26.3853,74.6706,174.4,0.0
26.3853,74.6506,174.4,0.0
26.3853,74.6303,174.4,0.0
26.3853,74.6103,174.4,0.0
26.3853,74.5903,174.4,0.0
26.3853,74.5502,344.6,0.0
26.4033,74.5903,174.4,0.0
26.3853,74.53,344.6,0.0
26.3853,74.51,344.6,0.0
26.3672,74.75,162.8,0.0
26.3672,74.7308,305.6,0.0
26.3672,74.7108,305.6,0.0
26.3672,74.6906,305.6,0.0
26.3672,74.6706,174.4,0.0
26.3672,74.6506,174.4,0.0
26.3672,74.6303,344.6,0.0
26.3672,74.6103,344.6,0.0
26.3672,74.5903,344.6,0.0
26.3672,74.57,344.6,0.0
26.4033,74.57,344.6,0.0
26.4033,74.6103,174.4,0.0
26.4394,74.6706,174.4,0.0
26.4214,74.6506,174.4,0.0
26.4394,74.6303,174.4,0.0
26.4394,74.6103,174.4,0.0
26.4394,74.5903,174.4,0.0
26.4394,74.57,174.4,0.0
26.4394,74.5502,174.4,0.0
26.4394,74.53,278.9,0.0
26.4394,74.51,278.9,0.0
26.4214,74.75,153.5,0.0
26.4214,74.7308,153.5,0.0
26.4214,74.7108,153.5,0.0
26.4214,74.6906,174.4,0.0
26.4214,74.6706,174.4,0.0
26.4214,74.6303,174.4,0.0
26.4033,74.6303,174.4,0.0
26.4214,74.6103,174.4,0.0
26.4214,74.5903,174.4,0.0
26.4214,74.57,174.4,0.0
26.4214,74.5502,174.4,0.0
26.4214,74.53,174.4,0.0
26.4214,74.51,344.6,0.0
26.4033,74.75,153.5,0.0
26.4033,74.7308,153.5,0.0
26.4033,74.7108,153.5,0.0
26.4033,74.6906,174.4,0.0
26.4033,74.6706,174.4,0.0
26.4033,74.6506,174.4,0.0
26.0269,74.6303,497.2,0.0
26.0269,74.6706,575.1,0.0
26.1894,74.6906,298.4,0.0
26.1353,74.6103,298.4,0.0
26.1533,74.5903,157.0,0.0
26.1533,74.57,157.0,0.0
26.1533,74.5502,157.0,0.0
26.1533,74.53,162.8,0.0
26.1533,74.51,162.8,0.0
26.1353,74.75,443.9,0.0
26.1353,74.7308,443.9,0.0
26.1353,74.7108,298.4,0.0
26.1353,74.6906,298.4,0.0
26.1353,74.6706,298.4,0.0
26.1353,74.6506,298.4,0.0
26.1353,74.6303,298.4,0.0
26.1353,74.5903,298.4,0.0
26.1533,74.6303,298.4,0.0
26.1353,74.57,157.0,0.0
26.1353,74.5502,157.0,0.0
26.1353,74.53,162.8,0.0
26.1353,74.51,162.8,0.0
26.1172,74.75,443.9,0.0
26.1172,74.7308,443.9,0.0
26.1172,74.7108,443.9,0.0
26.1172,74.6906,443.9,0.0
26.1172,74.6706,298.4,0.0
26.1172,74.6506,298.4,0.0
26.1172,74.6303,298.4,0.0
26.1172,74.6103,298.4,0.0
26.1533,74.6103,157.0,0.0
26.1533,74.6506,298.4,0.0
26.1172,74.57,295.3,0.0
26.1714,74.6906,298.4,0.0
26.1894,74.6706,157.0,0.0
26.1894,74.6506,157.0,0.0
26.1894,74.6303,157.0,0.0
26.1894,74.6103,157.0,0.0
26.1894,74.5903,157.0,0.0
26.1894,74.57,157.0,0.0
26.1894,74.5502,157.0,0.0
26.1894,74.53,157.0,0.0
26.1894,74.51,126.4,0.0
26.1714,74.75,443.9,0.0
26.1714,74.7308,298.4,0.0
26.1714,74.7108,298.4,0.0
26.1714,74.6706,298.4,0.0
26.1533,74.6706,298.4,0.0
26.1714,74.6506,298.4,0.0
26.1714,74.6303,157.0,0.0
26.1714,74.6103,157.0,0.0
26.1714,74.5903,157.0,0.0
26.1714,74.57,157.0,0.0
26.1714,74.5502,157.0,0.0
26.1714,74.53,157.0,0.0
26.1714,74.51,157.0,0.0
26.1533,74.75,443.9,0.0
26.1533,74.7308,298.4,0.0
26.1533,74.7108,298.4,0.0
26.1533,74.6906,298.4,0.0
26.1172,74.5903,298.4,0.0
26.1172,74.5502,295.3,0.0
26.0269,74.6906,575.1,0.0
26.045,74.7108,190.8,0.0
26.0631,74.6906,443.9,0.0
26.0631,74.6706,443.9,0.0
26.0631,74.6506,443.9,0.0
26.0631,74.6303,497.2,0.0
26.0631,74.6103,497.2,0.0
26.0631,74.5903,497.2,0.0
26.0631,74.57,295.3,0.0
26.0631,74.5502,295.3,0.0
26.0631,74.53,295.3,0.0
26.0631,74.51,162.8,0.0
26.045,74.75,190.8,0.0
26.045,74.7308,190.8,0.0
26.045,74.6906,575.1,0.0
26.0631,74.7308,443.9,0.0
26.045,74.6706,575.1,0.0
26.045,74.6506,575.1,0.0
26.045,74.6303,497.2,0.0
26.045,74.6103,497.2,0.0
26.045,74.5903,497.2,0.0
26.045,74.57,295.3,0.0
26.045,74.5502,295.3,0.0
26.045,74.53,295.3,0.0
26.045,74.51,162.8,0.0
26.0269,74.75,190.8,0.0
26.0269,74.7308,190.8,0.0
26.0269,74.7108,190.8,0.0
26.0631,74.7108,443.9,0.0
26.0631,74.75,190.8,0.0
26.1172,74.53,162.8,0.0
26.0992,74.53,295.3,0.0
26.1172,74.51,162.8,0.0
26.0992,74.75,443.9,0.0
26.0992,74.7308,443.9,0.0
26.0992,74.7108,443.9,0.0
26.0992,74.6906,443.9,0.0
26.0992,74.6706,443.9,0.0
26.0992,74.6506,298.4,0.0
26.0992,74.6303,298.4,0.0
26.0992,74.6103,298.4,0.0
26.0992,74.5903,295.3,0.0
26.0992,74.57,295.3,0.0
26.0992,74.5502,295.3,0.0
26.0992,74.51,162.8,0.0
26.0811,74.51,162.8,0.0
26.0811,74.75,443.9,0.0
26.0811,74.7308,443.9,0.0
26.0811,74.7108,443.9,0.0
26.0811,74.6906,443.9,0.0
26.0811,74.6706,443.9,0.0
26.0811,74.6506,443.9,0.0
26.0811,74.6303,298.4,0.0
26.0811,74.6103,298.4,0.0
26.0811,74.5903,497.2,0.0
26.0811,74.57,295.3,0.0
26.0811,74.5502,295.3,0.0
26.0811,74.53,295.3,0.0
26.4214,74.9,304.5,0.0
26.4214,74.94,141.8,0.0
25.6717,74.148,551.0,0.0
25.9578,74.0103,175.5,0.0
25.9578,74.2453,135.6,0.0
25.9578,74.2306,135.6,0.0
25.9578,74.2108,249.9,0.0
25.9578,74.1908,249.9,0.0
25.9578,74.1706,249.9,0.0
25.9578,74.15,249.9,0.0
25.9578,74.1308,249.9,0.0
25.9578,74.1108,249.9,0.0
25.9578,74.0908,249.9,0.0
25.9578,74.07,315.2,0.0
25.9578,74.05,315.2,0.0
25.9578,74.0308,175.5,0.0
25.9397,74.2453,135.6,0.0
25.9758,74.0308,175.5,0.0
25.9397,74.2306,249.9,0.0
25.9397,74.2108,249.9,0.0
25.9397,74.1908,249.9,0.0
25.9397,74.1706,249.9,0.0
25.9397,74.15,249.9,0.0
25.9397,74.1308,249.9,0.0
25.9397,74.1108,249.9,0.0
25.9397,74.0908,249.9,0.0
25.9397,74.07,315.2,0.0
25.9397,74.05,315.2,0.0
25.9397,74.0308,175.5,0.0
25.9397,74.0103,175.5,0.0
25.9758,74.0103,175.5,0.0
25.9758,74.05,315.2,0.0
25.9214,74.2306,249.9,0.0
25.9942,74.0908,315.2,0.0
25.5089,74.068,238.5,0.0
25.5089,74.048,238.5,0.0
25.5089,74.028,238.5,0.0
25.5089,74.01,238.5,0.0
25.9942,74.2453,135.6,0.0
25.9942,74.2306,135.6,0.0
25.9942,74.2108,124.8,0.0
25.9942,74.1908,124.8,0.0
25.9942,74.1706,124.8,0.0
25.9942,74.15,124.8,0.0
25.9942,74.1308,124.8,0.0
25.9942,74.1108,315.2,0.0
25.9942,74.07,315.2,0.0
25.9758,74.07,315.2,0.0
25.9942,74.05,315.2,0.0
25.9942,74.0308,571.0,0.0
25.9942,74.0103,571.0,0.0
25.9758,74.2453,135.6,0.0
25.9758,74.2306,135.6,0.0
25.9758,74.2108,249.9,0.0
25.9758,74.1908,249.9,0.0
25.9758,74.1706,124.8,0.0
25.9758,74.15,249.9,0.0
25.9758,74.1308,124.8,0.0
25.9758,74.1108,315.2,0.0
25.9758,74.0908,315.2,0.0
25.9214,74.2453,249.9,0.0
25.9214,74.2108,249.9,0.0
25.5089,74.108,238.5,0.0
25.8672,74.1108,249.9,0.0
25.8853,74.0908,249.9,0.0
25.8853,74.07,144.1,0.0
25.8853,74.05,144.1,0.0
25.8853,74.0308,144.1,0.0
25.8853,74.0103,144.1,0.0
25.8672,74.2453,161.6,0.0
25.8672,74.2306,161.6,0.0
25.8672,74.2108,249.9,0.0
25.8672,74.1908,249.9,0.0
25.8672,74.1706,249.9,0.0
25.8672,74.15,249.9,0.0
25.8672,74.1308,249.9,0.0
25.8672,74.0908,249.9,0.0
25.8853,74.1308,249.9,0.0
25.8672,74.07,144.1,0.0
25.8672,74.05,144.1,0.0
25.8672,74.0308,144.1,0.0
25.8672,74.0103,144.1,0.0
25.8494,74.2453,178.9,0.0
25.8494,74.2306,161.6,0.0
25.8494,74.2108,161.6,0.0
25.8494,74.1908,249.9,0.0
25.8494,74.1706,249.9,0.0
25.8494,74.15,249.9,0.0
25.8494,74.1308,249.9,0.0
25.8494,74.1108,249.9,0.0
25.8853,74.1108,249.9,0.0
25.8853,74.15,249.9,0.0
25.9214,74.1908,249.9,0.0
25.9036,74.1908,249.9,0.0
25.9214,74.1706,249.9,0.0
25.9214,74.15,249.9,0.0
25.9214,74.1308,249.9,0.0
25.9214,74.1108,249.9,0.0
25.9214,74.0908,249.9,0.0
25.9214,74.07,315.2,0.0
25.9214,74.05,315.2,0.0
25.9214,74.0308,315.2,0.0
25.9214,74.0103,175.5,0.0
25.9036,74.2453,161.6,0.0
25.9036,74.2306,249.9,0.0
25.9036,74.2108,249.9,0.0
25.9036,74.1706,249.9,0.0
25.8853,74.1706,249.9,0.0
25.9036,74.15,249.9,0.0
25.9036,74.1308,249.9,0.0
25.9036,74.1108,249.9,0.0
25.9036,74.0908,249.9,0.0
25.9036,74.07,249.9,0.0
25.9036,74.05,144.1,0.0
25.9036,74.0308,144.1,0.0
25.9036,74.0103,144.1,0.0
25.8853,74.2453,161.6,0.0
25.8853,74.2306,161.6,0.0
25.8853,74.2108,249.9,0.0
25.8853,74.1908,249.9,0.0
25.5089,74.088,238.5,0.0
25.5089,74.128,238.5,0.0
25.8494,74.07,249.9,0.0
25.6178,74.068,445.9,0.0
25.6356,74.048,445.9,0.0
25.6356,74.028,445.9,0.0
25.6356,74.01,287.4,0.0
25.6178,74.247,753.2,0.0
25.6178,74.228,753.2,0.0
25.6178,74.208,753.2,0.0
25.6178,74.188,551.0,0.0
25.6178,74.168,551.0,0.0
25.6178,74.148,551.0,0.0
25.6178,74.128,551.0,0.0
25.6178,74.108,445.9,0.0
25.6178,74.088,445.9,0.0
25.6178,74.048,445.9,0.0
25.6356,74.088,445.9,0.0
25.6178,74.028,445.9,0.0
25.6178,74.01,287.4,0.0
25.6,74.247,753.2,0.0
25.6,74.228,753.2,0.0
25.6,74.208,753.2,0.0
25.6,74.188,551.0,0.0
25.6,74.168,551.0,0.0
25.6,74.148,551.0,0.0
25.6,74.128,551.0,0.0
25.6,74.108,445.9,0.0
25.6,74.088,445.9,0.0
25.6,74.068,445.9,0.0
25.6356,74.068,445.9,0.0
25.6356,74.108,551.0,0.0
25.6,74.028,445.9,0.0
25.6533,74.148,551.0,0.0
25.6717,74.128,551.0,0.0
25.6717,74.108,551.0,0.0
25.6717,74.088,242.2,0.0
25.6717,74.068,242.2,0.0
25.6717,74.048,242.2,0.0
25.6717,74.028,445.9,0.0
25.6717,74.01,445.9,0.0
25.6533,74.247,753.2,0.0
25.6533,74.228,753.2,0.0
25.6533,74.208,753.2,0.0
25.6533,74.188,551.0,0.0
25.6533,74.168,551.0,0.0
25.6533,74.128,551.0,0.0
25.6356,74.128,551.0,0.0
25.6533,74.108,551.0,0.0
25.6533,74.088,551.0,0.0
25.6533,74.068,445.9,0.0
25.6533,74.048,445.9,0.0
25.6533,74.028,445.9,0.0
25.6533,74.01,445.9,0.0
25.6356,74.247,753.2,0.0
25.6356,74.228,753.2,0.0
25.6356,74.208,753.2,0.0
25.6356,74.188,551.0,0.0
25.6356,74.168,551.0,0.0
25.6356,74.148,551.0,0.0
25.6,74.048,445.9,0.0
25.6,74.01,287.4,0.0
25.5089,74.148,238.5,0.0
25.5269,74.168,718.0,0.0
25.545,74.148,238.5,0.0
25.545,74.128,238.5,0.0
25.545,74.108,238.5,0.0
25.545,74.088,238.5,0.0
25.545,74.068,238.5,0.0
25.545,74.048,238.5,0.0
25.545,74.028,445.9,0.0
25.545,74.01,287.4,0.0
25.5269,74.247,134.7,0.0
25.5269,74.228,718.0,0.0
25.5269,74.208,718.0,0.0
25.5269,74.188,718.0,0.0
25.5269,74.148,238.5,0.0
25.545,74.188,718.0,0.0
25.5269,74.128,238.5,0.0
25.5269,74.108,238.5,0.0
25.5269,74.088,238.5,0.0
25.5269,74.068,238.5,0.0
25.5269,74.048,238.5,0.0
25.5269,74.028,238.5,0.0
25.5269,74.01,238.5,0.0
25.5089,74.247,134.7,0.0
25.5089,74.228,718.0,0.0
25.5089,74.208,718.0,0.0
25.5089,74.188,718.0,0.0
25.5089,74.168,238.5,0.0
25.545,74.168,718.0,0.0
25.545,74.208,718.0,0.0
25.5817,74.247,753.2,0.0
25.5633,74.247,134.7,0.0
25.5817,74.228,753.2,0.0
25.5817,74.208,551.0,0.0
25.5817,74.188,551.0,0.0
25.5817,74.168,551.0,0.0
25.5817,74.148,551.0,0.0
25.5817,74.128,445.9,0.0
25.5817,74.108,445.9,0.0
25.5817,74.088,445.9,0.0
25.5817,74.068,445.9,0.0
25.5817,74.048,445.9,0.0
25.5817,74.028,445.9,0.0
25.5817,74.01,287.4,0.0
25.5633,74.228,134.7,0.0
25.545,74.228,718.0,0.0
25.5633,74.208,718.0,0.0
25.5633,74.188,718.0,0.0
25.5633,74.168,718.0,0.0
25.5633,74.148,238.5,0.0
25.5633,74.128,238.5,0.0
25.5633,74.108,445.9,0.0
25.5633,74.088,445.9,0.0
25.5633,74.068,445.9,0.0
25.5633,74.048,445.9,0.0
25.5633,74.028,445.9,0.0
25.5633,74.01,287.4,0.0
25.545,74.247,134.7,0.0
25.8494,74.0908,249.9,0.0
25.8494,74.05,144.1,0.0
26.4214,74.96,141.8,0.0
26.0635,74.82,190.8,0.0
26.0998,74.78,190.8,0.0
26.0998,74.76,443.9,0.0
26.0816,74.9,190.8,0.0
26.0816,74.88,190.8,0.0
26.0816,74.86,190.8,0.0
26.0816,74.84,190.8,0.0
26.0816,74.82,190.8,0.0
26.0816,74.8,190.8,0.0
26.0816,74.78,190.8,0.0
26.0816,74.76,190.8,0.0
26.0635,74.86,190.8,0.0
26.0635,74.84,190.8,0.0
26.0635,74.8,190.8,0.0
26.0998,74.82,190.8,0.0
26.0635,74.78,190.8,0.0
26.0635,74.76,190.8,0.0
26.0453,74.86,190.8,0.0
26.0453,74.84,190.8,0.0
26.0453,74.82,190.8,0.0
26.0453,74.8,190.8,0.0
26.0453,74.78,190.8,0.0
26.0453,74.76,190.8,0.0
26.0272,74.84,190.8,0.0
26.0272,74.82,190.8,0.0
26.0272,74.8,190.8,0.0
26.0272,74.78,190.8,0.0
26.0998,74.8,190.8,0.0
26.0998,74.84,190.8,0.0
26.0091,74.84,190.8,0.0
26.136,74.78,443.9,0.0
26.1542,74.86,848.0,0.0
26.1542,74.84,848.0,0.0
26.1542,74.82,443.9,0.0
26.1542,74.8,443.9,0.0
26.1542,74.78,443.9,0.0
26.1542,74.76,443.9,0.0
26.136,74.9,848.0,0.0
26.136,74.88,848.0,0.0
26.136,74.86,848.0,0.0
26.136,74.84,848.0,0.0
26.136,74.82,848.0,0.0
26.136,74.8,443.9,0.0
26.136,74.76,443.9,0.0
26.0998,74.86,190.8,0.0
26.1179,74.92,848.0,0.0
26.1179,74.9,848.0,0.0
26.1179,74.88,848.0,0.0
26.1179,74.86,848.0,0.0
26.1179,74.84,848.0,0.0
26.1179,74.82,190.8,0.0
26.1179,74.8,190.8,0.0
26.1179,74.78,443.9,0.0
26.1179,74.76,443.9,0.0
26.0998,74.92,848.0,0.0
26.0998,74.9,190.8,0.0
26.0998,74.88,190.8,0.0
26.0272,74.76,190.8,0.0
26.0091,74.82,190.8,0.0
26.1542,74.9,848.0,0.0
26.4394,74.98,141.8,0.0
26.4575,74.96,141.8,0.0
26.4575,74.94,141.8,0.0
26.4575,74.92,141.8,0.0
26.4575,74.9,304.5,0.0
26.4575,74.88,304.5,0.0
26.4575,74.86,304.5,0.0
26.4575,74.84,153.5,0.0
26.4575,74.82,153.5,0.0
26.4575,74.8,153.5,0.0
26.4575,74.78,153.5,0.0
26.4575,74.76,153.5,0.0
26.4394,74.995,141.8,0.0
26.4394,74.96,141.8,0.0
26.4575,74.995,141.8,0.0
26.4394,74.94,141.8,0.0
26.4394,74.92,141.8,0.0
26.4394,74.9,304.5,0.0
26.4394,74.88,304.5,0.0
26.4394,74.86,304.5,0.0
26.4394,74.84,153.5,0.0
26.4394,74.82,153.5,0.0
26.4394,74.8,153.5,0.0
26.4394,74.78,153.5,0.0
26.4394,74.76,153.5,0.0
26.4214,74.995,141.8,0.0
26.4214,74.98,141.8,0.0
26.4575,74.98,141.8,0.0
26.4756,74.76,149.9,0.0
26.0091,74.8,190.8,0.0
26.4936,74.8,149.9,0.0
26.0091,74.78,190.8,0.0
26.0091,74.76,190.8,0.0
26.4936,74.995,266.9,0.0
26.4936,74.98,266.9,0.0
26.4936,74.96,266.9,0.0
26.4936,74.94,303.4,0.0
26.4936,74.92,303.4,0.0
26.4936,74.9,303.4,0.0
26.4936,74.88,303.4,0.0
26.4936,74.86,304.5,0.0
26.4936,74.84,304.5,0.0
26.4936,74.82,304.5,0.0
26.4936,74.78,149.9,0.0
26.4756,74.78,149.9,0.0
26.4936,74.76,149.9,0.0
26.4756,74.995,266.9,0.0
26.4756,74.98,141.8,0.0
26.4756,74.96,141.8,0.0
26.4756,74.94,141.8,0.0
26.4756,74.92,141.8,0.0
26.4756,74.9,303.4,0.0
26.4756,74.88,304.5,0.0
26.4756,74.86,304.5,0.0
26.4756,74.84,304.5,0.0
26.4756,74.82,304.5,0.0
26.4756,74.8,149.9,0.0
26.1542,74.88,848.0,0.0
26.1723,74.76,443.9,0.0
25.8494,74.0308,144.1,0.0
25.7767,74.2108,333.9,0.0
25.795,74.1908,333.9,0.0
25.795,74.1706,242.2,0.0
25.795,74.15,242.2,0.0
25.795,74.1308,242.2,0.0
25.795,74.1108,242.2,0.0
25.795,74.0908,242.2,0.0
25.795,74.07,176.9,0.0
25.795,74.05,176.9,0.0
25.795,74.0308,176.9,0.0
25.795,74.0103,176.9,0.0
25.7767,74.2453,333.9,0.0
25.7767,74.2306,333.9,0.0
25.7767,74.1908,333.9,0.0
25.795,74.2306,178.9,0.0
25.7767,74.1706,242.2,0.0
25.7767,74.15,242.2,0.0
25.7767,74.1308,242.2,0.0
25.7767,74.1108,242.2,0.0
25.7767,74.0908,242.2,0.0
25.7767,74.07,176.9,0.0
25.7767,74.05,176.9,0.0
25.7767,74.0308,176.9,0.0
25.7767,74.0103,176.9,0.0
25.7586,74.2453,333.9,0.0
25.7586,74.2306,333.9,0.0
25.7586,74.2108,242.2,0.0
25.795,74.2108,333.9,0.0
25.795,74.2453,178.9,0.0
25.7586,74.1706,242.2,0.0
25.8314,74.0308,176.9,0.0
25.8494,74.0103,144.1,0.0
25.8314,74.2453,178.9,0.0
25.8314,74.2306,178.9,0.0
25.8314,74.2108,178.9,0.0
25.8314,74.1908,242.2,0.0
25.8314,74.1706,242.2,0.0
25.8314,74.15,242.2,0.0
25.8314,74.1308,249.9,0.0
25.8314,74.1108,249.9,0.0
25.8314,74.0908,249.9,0.0
25.8314,74.07,144.1,0.0
25.8314,74.05,144.1,0.0
25.8314,74.0103,144.1,0.0
25.8131,74.0103,176.9,0.0
25.8131,74.2453,178.9,0.0
25.8131,74.2306,178.9,0.0
25.8131,74.2108,178.9,0.0
25.8131,74.1908,242.2,0.0
25.8131,74.1706,242.2,0.0
25.8131,74.15,242.2,0.0
25.8131,74.1308,242.2,0.0
25.8131,74.1108,249.9,0.0
25.8131,74.0908,249.9,0.0
25.8131,74.07,144.1,0.0
25.8131,74.05,176.9,0.0
25.8131,74.0308,176.9,0.0
25.7586,74.1908,242.2,0.0
25.7586,74.15,242.2,0.0
26.1723,74.78,443.9,0.0
26.1905,74.9,848.0,0.0
26.2267,74.78,305.6,0.0
26.2267,74.76,305.6,0.0
26.2086,74.96,648.5,0.0
26.2086,74.92,648.5,0.0
26.2086,74.9,648.5,0.0
26.2086,74.88,848.0,0.0
26.2086,74.86,848.0,0.0
26.2086,74.84,305.6,0.0
26.2086,74.82,305.6,0.0
26.2086,74.8,305.6,0.0
26.2086,74.78,305.6,0.0
26.2086,74.76,305.6,0.0
26.1905,74.88,848.0,0.0
26.2267,74.82,305.6,0.0
26.1905,74.86,848.0,0.0
26.1905,74.84,305.6,0.0
26.1905,74.82,305.6,0.0
26.1905,74.8,305.6,0.0
26.1905,74.78,305.6,0.0
26.1905,74.76,443.9,0.0
26.1723,74.9,848.0,0.0
26.1723,74.88,848.0,0.0
26.1723,74.86,848.0,0.0
26.1723,74.84,305.6,0.0
26.1723,74.82,305.6,0.0
26.1723,74.8,443.9,0.0
26.2267,74.8,305.6,0.0
26.2267,74.84,305.6,0.0
25.7586,74.1308,242.2,0.0
26.2449,74.88,648.5,0.0
25.7586,74.1108,242.2,0.0
25.7586,74.0908,242.2,0.0
25.7586,74.07,176.9,0.0
25.7586,74.05,176.9,0.0
25.7586,74.0308,176.9,0.0
25.7586,74.0103,176.9,0.0
26.2449,74.9945,648.5,0.0
26.2449,74.98,648.5,0.0
26.2449,74.96,648.5,0.0
26.2449,74.94,648.5,0.0
26.2449,74.92,648.5,0.0
26.2449,74.9,648.5,0.0
26.2449,74.86,648.5,0.0
26.2267,74.86,848.0,0.0
26.2449,74.84,162.8,0.0
26.2449,74.82,305.6,0.0
26.2449,74.8,305.6,0.0
26.2449,74.78,305.6,0.0
26.2449,74.76,305.6,0.0
26.2267,74.9945,648.5,0.0
26.2267,74.98,648.5,0.0
26.2267,74.96,648.5,0.0
26.2267,74.94,648.5,0.0
26.2267,74.92,648.5,0.0
26.2267,74.9,648.5,0.0
26.2267,74.88,648.5,0.0
24.994,75.5866,4919.0,0.0
